{"1527829380391411816":{"entrytype":"Load Remote Match","status":"Pass","timestamp":1527829380075900547,"filepath":"/tmp/IEPD/iepd/xml/xsd/spdx-ref.xsd","digest":"bbd35f3a9cfeff4d870aee5c2a5d7340698131053f4712244c3ee50cc87c92a9","message":"Loaded Remote Resource"},"1527829380391419664":{"entrytype":"Authenticity Check","status":"Pass","timestamp":1527829380391417244,"filepath":"xml/xsd/spdx-ref.xsd","digest":"bbd35f3a9cfeff4d870aee5c2a5d7340698131053f4712244c3ee50cc87c92a9","message":"spdx-ref.xsd matches authoritative source"},"1527829380534435414":{"entrytype":"Load Remote Match","status":"Pass","timestamp":1527829380391421439,"filepath":"/tmp/IEPD/iepd/xml/instance/test_data.xml","digest":"536b3022ac62dbddca2e8b4d153b92ff69b2dcae06a4b47deb812191834ca471","message":"Loaded Remote Resource"},"1527829380534441301":{"entrytype":"Authenticity Check","status":"Pass","timestamp":1527829380534438857,"filepath":"xml/instance/test_data.xml","digest":"536b3022ac62dbddca2e8b4d153b92ff69b2dcae06a4b47deb812191834ca471","message":"test_data.xml matches authoritative source"},"1527829380534460727":{"entrytype":"GenerateResource","status":"Pass","timestamp":1527829380534473046,"filepath":"/tmp/IEPD/iepd/xml/xsd/spdx-license.xsd","xslpath":"/tmp/IEPD/iepd/xml/xsl/spdx_license_iep.xsl","digest":"eea9e50f895efedc25e517614402a90f480f763da20c586cd30e6b4b304edf47"},"1527829380574018313":{"entrytype":"GenerateResource","status":"Pass","timestamp":1527829380574042714,"filepath":"/tmp/IEPD/iepd/xml/instance/test_instance.xml","xslpath":"/tmp/IEPD/iepd/xml/xsl/xml_instance.xsl","digest":"bbac2eb5a517808c194b1e634b9f8bab49805f736557bf227e5ce96ec97eb91a"},"1527829380581318869":{"entrytype":"GenerateResource","status":"Pass","timestamp":1527829380581333410,"filepath":"/tmp/IEPD/iepd/json/spdx-ref.json","xslpath":"/tmp/IEPD/iepd/xml/xsl/xsd_json.xsl","digest":"3a03a3dc26212a1328ea06f4cc0a33cfd07a3001013b0f521a16513f75235e05"},"1527829380635533021":{"entrytype":"GenerateResource","status":"Pass","timestamp":1527829380635543988,"filepath":"/tmp/IEPD/iepd/json/spdx-license.json","xslpath":"/tmp/IEPD/iepd/xml/xsl/xsd_json.xsl","digest":"b2a97caf1b2b9d4eea10b5cad88896eefa101d02a6881d9f6302d38fe66cf227"},"1527829380640166673":{"entrytype":"GenerateResource","status":"Pass","timestamp":1527829380640178283,"filepath":"/tmp/IEPD/iepd/json/test_instance.json","xslpath":"/tmp/IEPD/iepd/xml/xsl/xml_json.xsl","digest":"e9281354391b2cf9eb83f8df4618d116678f89cb132bc555b2bb4a4b02547f49"},"1527829380642755525":{"entrytype":"GenerateResource","status":"Pass","timestamp":1527829380642766528,"filepath":"/tmp/IEPD/iepd/src/spdx/spdx-license.go","xslpath":"/tmp/IEPD/iepd/xml/xsl/go-gen.xsl","digest":"76097912a58a6a24c9101b4c98641c1aeb8328afe85c68eccb623f18c1062aea"},"1527829380648375533":{"entrytype":"GenerateResource","status":"Pass","timestamp":1527829380648386287,"filepath":"/tmp/IEPD/iepd/src/spdx/spdx-license_test.go","xslpath":"/tmp/IEPD/iepd/xml/xsl/go-test-gen.xsl","digest":"83d0b329c71abe3f974e430a9d1acd59d20ce1eeab5a9930e4cc605bf10c2d75"},"1527829380651736815":{"entrytype":"Marshal Data","status":"Pass","timestamp":1527829380651933905,"filepath":"/tmp/IEPD/iepd//xml/instance/test_instance-golang.xml","digest":"1b1a1494ad06e2f552f133611bd065d3febdad0c7c68c5c03a6cb12a65e25599"},"1527829380651958858":{"entrytype":"Validate","status":"Pass","timestamp":1527829380651960073,"filepath":"/tmp/IEPD/iepd/xml/xsd/spdx-ref.xsd","xsdpath":"/tmp/IEPD/iepd/xml/xsd/ext/w3c/XMLSchema.xsd","valid":true},"1527829395898980942":{"entrytype":"Validate","status":"Pass","timestamp":1527829395898987751,"filepath":"/tmp/IEPD/iepd/xml/xsd/spdx-license.xsd","xsdpath":"/tmp/IEPD/iepd/xml/xsd/ext/w3c/XMLSchema.xsd","valid":true},"1527829411102187953":{"entrytype":"Validate","status":"Pass","timestamp":1527829411102190496,"filepath":"/tmp/IEPD/iepd/xml/instance/test_instance.xml","xsdpath":"/tmp/IEPD/iepd/xml/xsd/spdx-license.xsd","valid":true},"1527829411102509499":{"entrytype":"Validate","status":"Pass","timestamp":1527829411102510362,"filepath":"/tmp/IEPD/iepd/xml/instance/test_instance.xml","xsdpath":"/tmp/IEPD/iepd/xml/xsd/spdx-ref.xsd","valid":true},"1527829411106996376":{"entrytype":"Validate","status":"Pass","timestamp":1527829411106999048,"filepath":"/tmp/IEPD/iepd//xml/instance/test_instance-golang.xml","xsdpath":"/tmp/IEPD/iepd/xml/xsd/spdx-license.xsd","valid":true},"1527829411107341119":{"entrytype":"Validate","status":"Pass","timestamp":1527829411107341914,"filepath":"/tmp/IEPD/iepd//xml/instance/test_instance-golang.xml","xsdpath":"/tmp/IEPD/iepd/xml/xsd/spdx-ref.xsd","valid":true}}