{"1527755551449965901":{"entrytype":"Load Remote Match","status":"Pass","timestamp":1527755551124867633,"filepath":"/tmp/IEPD/iepd/xml/xsd/spdx-ref.xsd","digest":"5e339d6f3785d43b8c96a73af0c0930a7f0466aacb1ab9cad783f2f9fabdf068","message":"Loaded Remote Resource"},"1527755551449973018":{"entrytype":"Authenticity Check","status":"Pass","timestamp":1527755551449970783,"filepath":"xml/xsd/spdx-ref.xsd","digest":"5e339d6f3785d43b8c96a73af0c0930a7f0466aacb1ab9cad783f2f9fabdf068","message":"spdx-ref.xsd matches authoritative source"},"1527755551584046867":{"entrytype":"Load Remote Match","status":"Pass","timestamp":1527755551449975357,"filepath":"/tmp/IEPD/iepd/xml/instance/test_data.xml","digest":"00dd9d464ffef88e471ee3f19b16da85335d14ecb60188b08c330d127a2ea8bf","message":"Loaded Remote Resource"},"1527755551584053962":{"entrytype":"Authenticity Check","status":"Pass","timestamp":1527755551584051448,"filepath":"xml/instance/test_data.xml","digest":"00dd9d464ffef88e471ee3f19b16da85335d14ecb60188b08c330d127a2ea8bf","message":"test_data.xml matches authoritative source"},"1527755551584072803":{"entrytype":"GenerateResource","status":"Pass","timestamp":1527755551584082699,"filepath":"/tmp/IEPD/iepd/xml/xsd/spdx-license.xsd","xslpath":"/tmp/IEPD/iepd/xml/xsl/spdx_license_iep.xsl","digest":"ac5b086ef55b33baceba1a71233d553e84b9d20f61c8eac2f0421bd678a694ad"},"1527755551627889070":{"entrytype":"GenerateResource","status":"Pass","timestamp":1527755551627911782,"filepath":"/tmp/IEPD/iepd/xml/instance/test_instance.xml","xslpath":"/tmp/IEPD/iepd/xml/xsl/xml_instance.xsl","digest":"d63872e33330f24b39d7cea15f4db7af4c774b43706edcffe4b77f58f4520333"},"1527755551633125348":{"entrytype":"GenerateResource","status":"Pass","timestamp":1527755551633140585,"filepath":"/tmp/IEPD/iepd/json/spdx-ref.json","xslpath":"/tmp/IEPD/iepd/xml/xsl/xsd_json.xsl","digest":"603304cab975dd2a8b6aabb67eaca84afb506fd7da86f060c410922c46985669"},"1527755551688737142":{"entrytype":"GenerateResource","status":"Pass","timestamp":1527755551688746350,"filepath":"/tmp/IEPD/iepd/json/spdx-license.json","xslpath":"/tmp/IEPD/iepd/xml/xsl/xsd_json.xsl","digest":"13642780ac633d66d6ce6cf339e4874d2147c325e152960374327659829124f9"},"1527755551693024217":{"entrytype":"GenerateResource","status":"Pass","timestamp":1527755551693033713,"filepath":"/tmp/IEPD/iepd/json/test_instance.json","xslpath":"/tmp/IEPD/iepd/xml/xsl/xml_json.xsl","digest":"9a781ee5b727f9eb634e605c1d69ca94fc735ec5528929476196f05fa793261f"},"1527755551695297567":{"entrytype":"GenerateResource","status":"Pass","timestamp":1527755551695304801,"filepath":"/tmp/IEPD/iepd/src/spdx/spdx-license.go","xslpath":"/tmp/IEPD/iepd/xml/xsl/go-gen.xsl","digest":"a489185f3a8446649386be74cf376fbfd5068d15b7fa50bc2818ff0d76edae0e"},"1527755551699981746":{"entrytype":"GenerateResource","status":"Pass","timestamp":1527755551699991145,"filepath":"/tmp/IEPD/iepd/src/spdx/spdx-license_test.go","xslpath":"/tmp/IEPD/iepd/xml/xsl/go-test-gen.xsl","digest":"a5dba55241ffdc720c8f00e33af42edd51a9719632bc260522bb0fa735de9a55"},"1527755551702774093":{"entrytype":"Marshal Data","status":"Pass","timestamp":1527755551702901237,"filepath":"/tmp/IEPD/iepd//xml/instance/test_instance-golang.xml","digest":"de352de57edebd2b0cf1b0ef1c7d75ea1c3c8fc054f5ae0a668afb2b0d9bfae5"},"1527755551702920071":{"entrytype":"Validate","status":"Pass","timestamp":1527755551702920889,"filepath":"/tmp/IEPD/iepd/xml/xsd/spdx-ref.xsd","xsdpath":"/tmp/IEPD/iepd/xml/xsd/ext/w3c/XMLSchema.xsd","valid":true},"1527755566931531297":{"entrytype":"Validate","status":"Pass","timestamp":1527755566931535847,"filepath":"/tmp/IEPD/iepd/xml/xsd/spdx-license.xsd","xsdpath":"/tmp/IEPD/iepd/xml/xsd/ext/w3c/XMLSchema.xsd","valid":true},"1527755582251546920":{"entrytype":"Validate","status":"Pass","timestamp":1527755582251549353,"filepath":"/tmp/IEPD/iepd/xml/instance/test_instance.xml","xsdpath":"/tmp/IEPD/iepd/xml/xsd/spdx-license.xsd","valid":true},"1527755582251840579":{"entrytype":"Validate","status":"Pass","timestamp":1527755582251841217,"filepath":"/tmp/IEPD/iepd/xml/instance/test_instance.xml","xsdpath":"/tmp/IEPD/iepd/xml/xsd/spdx-ref.xsd","valid":true},"1527755582254827218":{"entrytype":"Validate","status":"Pass","timestamp":1527755582254830257,"filepath":"/tmp/IEPD/iepd//xml/instance/test_instance-golang.xml","xsdpath":"/tmp/IEPD/iepd/xml/xsd/spdx-license.xsd","valid":true},"1527755582255085040":{"entrytype":"Validate","status":"Pass","timestamp":1527755582255085887,"filepath":"/tmp/IEPD/iepd//xml/instance/test_instance-golang.xml","xsdpath":"/tmp/IEPD/iepd/xml/xsd/spdx-ref.xsd","valid":true}}