{"1527823003050467776":{"entrytype":"Load Remote Match","status":"Pass","timestamp":1527823002823751409,"filepath":"/tmp/IEPD/iepd/xml/xsd/spdx-ref.xsd","digest":"b3f93c074d4d590d231abae93ce9943b5f9a0bd14a587a19bea6c7c6c1ebeb24","message":"Loaded Remote Resource"},"1527823003050477276":{"entrytype":"Authenticity Check","status":"Pass","timestamp":1527823003050474310,"filepath":"xml/xsd/spdx-ref.xsd","digest":"b3f93c074d4d590d231abae93ce9943b5f9a0bd14a587a19bea6c7c6c1ebeb24","message":"spdx-ref.xsd matches authoritative source"},"1527823003094822039":{"entrytype":"Load Remote Match","status":"Pass","timestamp":1527823003050480280,"filepath":"/tmp/IEPD/iepd/xml/instance/test_data.xml","digest":"536b3022ac62dbddca2e8b4d153b92ff69b2dcae06a4b47deb812191834ca471","message":"Loaded Remote Resource"},"1527823003094828486":{"entrytype":"Authenticity Check","status":"Pass","timestamp":1527823003094826068,"filepath":"xml/instance/test_data.xml","digest":"536b3022ac62dbddca2e8b4d153b92ff69b2dcae06a4b47deb812191834ca471","message":"test_data.xml matches authoritative source"},"1527823003094850063":{"entrytype":"GenerateResource","status":"Pass","timestamp":1527823003094865780,"filepath":"/tmp/IEPD/iepd/xml/xsd/spdx-license.xsd","xslpath":"/tmp/IEPD/iepd/xml/xsl/spdx_license_iep.xsl","digest":"9eb8a7326316799566b0d8f46a82cd0347846e54dafb114110c337ecb7a40f44"},"1527823003119918266":{"entrytype":"GenerateResource","status":"Pass","timestamp":1527823003119940109,"filepath":"/tmp/IEPD/iepd/xml/instance/test_instance.xml","xslpath":"/tmp/IEPD/iepd/xml/xsl/xml_instance.xsl","digest":"bbac2eb5a517808c194b1e634b9f8bab49805f736557bf227e5ce96ec97eb91a"},"1527823003127971806":{"entrytype":"GenerateResource","status":"Pass","timestamp":1527823003127991240,"filepath":"/tmp/IEPD/iepd/json/spdx-ref.json","xslpath":"/tmp/IEPD/iepd/xml/xsl/xsd_json.xsl","digest":"1d42eb2f575527d5f0594af9d10b453339530b1e23bb34a174a3745699d54331"},"1527823003186989338":{"entrytype":"GenerateResource","status":"Pass","timestamp":1527823003186999154,"filepath":"/tmp/IEPD/iepd/json/spdx-license.json","xslpath":"/tmp/IEPD/iepd/xml/xsl/xsd_json.xsl","digest":"c1a421b84bf8899e757e6da1b2f7d6d2880488d61c058bd777d0f4aa326f9ae0"},"1527823003191626854":{"entrytype":"GenerateResource","status":"Pass","timestamp":1527823003191638342,"filepath":"/tmp/IEPD/iepd/json/test_instance.json","xslpath":"/tmp/IEPD/iepd/xml/xsl/xml_json.xsl","digest":"e9281354391b2cf9eb83f8df4618d116678f89cb132bc555b2bb4a4b02547f49"},"1527823003194801604":{"entrytype":"GenerateResource","status":"Pass","timestamp":1527823003194812342,"filepath":"/tmp/IEPD/iepd/src/spdx/spdx-license.go","xslpath":"/tmp/IEPD/iepd/xml/xsl/go-gen.xsl","digest":"76097912a58a6a24c9101b4c98641c1aeb8328afe85c68eccb623f18c1062aea"},"1527823003201052300":{"entrytype":"GenerateResource","status":"Pass","timestamp":1527823003201063702,"filepath":"/tmp/IEPD/iepd/src/spdx/spdx-license_test.go","xslpath":"/tmp/IEPD/iepd/xml/xsl/go-test-gen.xsl","digest":"83d0b329c71abe3f974e430a9d1acd59d20ce1eeab5a9930e4cc605bf10c2d75"},"1527823003204154008":{"entrytype":"Marshal Data","status":"Pass","timestamp":1527823003204297674,"filepath":"/tmp/IEPD/iepd//xml/instance/test_instance-golang.xml","digest":"1b1a1494ad06e2f552f133611bd065d3febdad0c7c68c5c03a6cb12a65e25599"},"1527823003204328879":{"entrytype":"Validate","status":"Pass","timestamp":1527823003204329560,"filepath":"/tmp/IEPD/iepd/xml/xsd/spdx-ref.xsd","xsdpath":"/tmp/IEPD/iepd/xml/xsd/ext/w3c/XMLSchema.xsd","valid":true},"1527823018423647309":{"entrytype":"Validate","status":"Pass","timestamp":1527823018423650772,"filepath":"/tmp/IEPD/iepd/xml/xsd/spdx-license.xsd","xsdpath":"/tmp/IEPD/iepd/xml/xsd/ext/w3c/XMLSchema.xsd","valid":true},"1527823033624039836":{"entrytype":"Validate","status":"Pass","timestamp":1527823033624042083,"filepath":"/tmp/IEPD/iepd/xml/instance/test_instance.xml","xsdpath":"/tmp/IEPD/iepd/xml/xsd/spdx-license.xsd","valid":true},"1527823033624403166":{"entrytype":"Validate","status":"Pass","timestamp":1527823033624404102,"filepath":"/tmp/IEPD/iepd/xml/instance/test_instance.xml","xsdpath":"/tmp/IEPD/iepd/xml/xsd/spdx-ref.xsd","valid":true},"1527823033628284925":{"entrytype":"Validate","status":"Pass","timestamp":1527823033628289657,"filepath":"/tmp/IEPD/iepd//xml/instance/test_instance-golang.xml","xsdpath":"/tmp/IEPD/iepd/xml/xsd/spdx-license.xsd","valid":true},"1527823033628722446":{"entrytype":"Validate","status":"Pass","timestamp":1527823033628723942,"filepath":"/tmp/IEPD/iepd//xml/instance/test_instance-golang.xml","xsdpath":"/tmp/IEPD/iepd/xml/xsd/spdx-ref.xsd","valid":true}}