{"1533361230515088246":{"entrytype":"Load Remote Match","status":"Pass","timestamp":1533361230175899037,"filepath":"/tmp/IEPD/iepd/xml/xsd/spdx-ref.xsd","digest":"81333e73d8acacf2f66c333b9e56e76cd9037648dd5aace484d7a5fac69059eb","message":"Loaded Remote Resource"},"1533361230515093955":{"entrytype":"Authenticity Check","status":"Pass","timestamp":1533361230515091983,"filepath":"xml/xsd/spdx-ref.xsd","digest":"81333e73d8acacf2f66c333b9e56e76cd9037648dd5aace484d7a5fac69059eb","message":"spdx-ref.xsd matches authoritative source"},"1533361230664541688":{"entrytype":"Load Remote Match","status":"Pass","timestamp":1533361230515095730,"filepath":"/tmp/IEPD/iepd/xml/instance/spdx-test-data.xml","digest":"5c3d8fe7f43b260f10b268785f5dab65afd50529bbfe46f69f8d7175ffbbd99d","message":"Loaded Remote Resource"},"1533361230664550163":{"entrytype":"Authenticity Check","status":"Pass","timestamp":1533361230664547885,"filepath":"xml/instance/spdx-test-data.xml","digest":"5c3d8fe7f43b260f10b268785f5dab65afd50529bbfe46f69f8d7175ffbbd99d","message":"spdx-test-data.xml matches authoritative source"},"1533361230664569171":{"entrytype":"GenerateResource","status":"Pass","timestamp":1533361230664580042,"filepath":"/tmp/IEPD/iepd/xml/xsd/spdx-license.xsd","xslpath":"/tmp/IEPD/iepd/xml/xsl/spdx-license-iep.xsl","digest":"1173aacd6abdf281bbd4b30a27c0e83ef48e9798941de1cc2b6ffe6dfd0a9514"},"1533361230704291955":{"entrytype":"GenerateResource","status":"Pass","timestamp":1533361230704313030,"filepath":"/tmp/IEPD/iepd/xml/xsd/spdx-doc.xsd","xslpath":"/tmp/IEPD/iepd/xml/xsl/spdx-doc-iep.xsl","digest":"e5c2ed400c9b0aa33a648ca6c576410ad005e6a22f37045ce28168362349c501"},"1533361230748815885":{"entrytype":"GenerateResource","status":"Pass","timestamp":1533361230748835341,"filepath":"/tmp/IEPD/iepd/xml/instance/spdx-license-test-instance.xml","xslpath":"/tmp/IEPD/iepd/xml/xsl/spdx-license-instance.xsl","digest":"3bb093a1045ea1978c81974abd0dc455c498840eed60b678e071762a8e9c50a8"},"1533361230751965953":{"entrytype":"GenerateResource","status":"Pass","timestamp":1533361230751975116,"filepath":"/tmp/IEPD/iepd/xml/instance/spdx-doc-test-instance.xml","xslpath":"/tmp/IEPD/iepd/xml/xsl/spdx-doc-instance.xsl","digest":"c9d960d252fb6f56b9d444601e93e082f6342841016f2056bf3fafeed97b1d12"},"1533361230756112512":{"entrytype":"GenerateResource","status":"Pass","timestamp":1533361230756120155,"filepath":"/tmp/IEPD/iepd/json/spdx-ref-xsd.json","xslpath":"/tmp/IEPD/iepd/xml/xsl/xsd-json.xsl","digest":"eef98d251fe92a68eb3d709537473264fdcc94da7a3a70cc082ce4483598a793"},"1533361230800905739":{"entrytype":"GenerateResource","status":"Pass","timestamp":1533361230800916226,"filepath":"/tmp/IEPD/iepd/json/spdx-license-xsd.json","xslpath":"/tmp/IEPD/iepd/xml/xsl/xsd-json.xsl","digest":"0d02ec3ef65a312d493fc8da1cd264a725c1dd8add335c5bb5280936b0dcc2c5"},"1533361230805478790":{"entrytype":"GenerateResource","status":"Pass","timestamp":1533361230805487708,"filepath":"/tmp/IEPD/iepd/json/spdx-doc-xsd.json","xslpath":"/tmp/IEPD/iepd/xml/xsl/xsd-json.xsl","digest":"3c9a479c6467d6b1d1a3abf6264d09ce6987b064f53e594c67a30d159db6f9d6"},"1533361230813150218":{"entrytype":"GenerateResource","status":"Pass","timestamp":1533361230813160773,"filepath":"/tmp/IEPD/iepd/json/spdx-license-test-instance.json","xslpath":"/tmp/IEPD/iepd/xml/xsl/xml-json.xsl","digest":"850fb2357f5ffac39357780ebd8735aaa8b56328b572fb20b322ebbfa2d5488e"},"1533361230815500213":{"entrytype":"GenerateResource","status":"Pass","timestamp":1533361230815507201,"filepath":"/tmp/IEPD/iepd/json/spdx-doc-test-instance.json","xslpath":"/tmp/IEPD/iepd/xml/xsl/xml-json.xsl","digest":"3ed2e170ad35e77f07b5b6140aacd60ad9fa055b95e59e388dbe6bf1c168168d"},"1533361230817744981":{"entrytype":"GenerateResource","status":"Pass","timestamp":1533361230817753048,"filepath":"/tmp/IEPD/iepd/src/spdx/spdx-license-struct.go","xslpath":"/tmp/IEPD/iepd/xml/xsl/go-gen-lic.xsl","digest":"85647f3b6214aaf4bb84796d99c6280702b7462281943bb07bc9524a4d9b4eb6"},"1533361230823223158":{"entrytype":"GenerateResource","status":"Pass","timestamp":1533361230823233372,"filepath":"/tmp/IEPD/iepd/src/spdx/spdx-license_test.go","xslpath":"/tmp/IEPD/iepd/xml/xsl/go-gen-lic-test.xsl","digest":"9a0eabbe9ccb025fd3744ab204b21b8dc6a8ae856789a5df563881ae24800f9a"},"1533361230826462364":{"entrytype":"GenerateResource","status":"Pass","timestamp":1533361230826472663,"filepath":"/tmp/IEPD/iepd/src/spdx/spdx-doc-struct.go","xslpath":"/tmp/IEPD/iepd/xml/xsl/go-gen-doc.xsl","digest":"9b333b514ff1d59cde4d1fe461bc60d059bc30856c6c54a5bc0801897ea11d40"},"1533361230835589513":{"entrytype":"GenerateResource","status":"Pass","timestamp":1533361230835600471,"filepath":"/tmp/IEPD/iepd/src/spdx/spdx-doc_test.go","xslpath":"/tmp/IEPD/iepd/xml/xsl/go-gen-doc-test.xsl","digest":"bb6ec9d08c02e0784b702d1f7e23ef94c3c1b3146b22cb1af530c3582fd2db38"},"1533361230839157222":{"entrytype":"Marshal Data","status":"Pass","timestamp":1533361230839295768,"filepath":"/tmp/IEPD/iepd//xml/instance/spdx-license-test-instance-golang.xml","digest":"6405421144a5756eb41ff2bb081d3794cae17da237fc3cc9f5d5de88be956cdf"},"1533361230839308082":{"entrytype":"Marshal Data","status":"Pass","timestamp":1533361230839406678,"filepath":"/tmp/IEPD/iepd//xml/instance/spdx-doc-test-instance-golang.xml","digest":"91da849c785b22ab969b2fdedd0cf73e056b82eccec86f874e7d3df292bcd449"},"1533361230839422072":{"entrytype":"Validate","status":"Pass","timestamp":1533361230839422829,"filepath":"/tmp/IEPD/iepd/xml/xsd/spdx-ref.xsd","xsdpath":"/tmp/IEPD/iepd/xml/xsd/ext/w3c/XMLSchema.xsd","valid":true},"1533361246082515809":{"entrytype":"Validate","status":"Pass","timestamp":1533361246082521140,"filepath":"/tmp/IEPD/iepd/xml/xsd/spdx-license.xsd","xsdpath":"/tmp/IEPD/iepd/xml/xsd/ext/w3c/XMLSchema.xsd","valid":true},"1533361261286126334":{"entrytype":"Validate","status":"Pass","timestamp":1533361261286128322,"filepath":"/tmp/IEPD/iepd/xml/xsd/spdx-doc.xsd","xsdpath":"/tmp/IEPD/iepd/xml/xsd/ext/w3c/XMLSchema.xsd","valid":true},"1533361276485007648":{"entrytype":"Validate","status":"Pass","timestamp":1533361276485012404,"filepath":"/tmp/IEPD/iepd/xml/instance/spdx-license-test-instance.xml","xsdpath":"/tmp/IEPD/iepd/xml/xsd/spdx-license.xsd","valid":true},"1533361276485952737":{"entrytype":"Validate","status":"Pass","timestamp":1533361276485954925,"filepath":"/tmp/IEPD/iepd/xml/instance/spdx-license-test-instance.xml","xsdpath":"/tmp/IEPD/iepd/xml/xsd/spdx-ref.xsd","valid":true},"1533361276493251970":{"entrytype":"Validate","status":"Pass","timestamp":1533361276493255127,"filepath":"/tmp/IEPD/iepd/xml/instance/spdx-doc-test-instance.xml","xsdpath":"/tmp/IEPD/iepd/xml/xsd/spdx-doc.xsd","valid":true},"1533361276494793198":{"entrytype":"Validate","status":"Pass","timestamp":1533361276494795068,"filepath":"/tmp/IEPD/iepd/xml/instance/spdx-doc-test-instance.xml","xsdpath":"/tmp/IEPD/iepd/xml/xsd/spdx-ref.xsd","valid":true},"1533361276501794114":{"entrytype":"Validate","status":"Pass","timestamp":1533361276501797496,"filepath":"/tmp/IEPD/iepd//xml/instance/spdx-license-test-instance-golang.xml","xsdpath":"/tmp/IEPD/iepd/xml/xsd/spdx-license.xsd","valid":true},"1533361276502504881":{"entrytype":"Validate","status":"Pass","timestamp":1533361276502506891,"filepath":"/tmp/IEPD/iepd//xml/instance/spdx-license-test-instance-golang.xml","xsdpath":"/tmp/IEPD/iepd/xml/xsd/spdx-ref.xsd","valid":true},"1533361276508877785":{"entrytype":"Validate","status":"Pass","timestamp":1533361276508879552,"filepath":"/tmp/IEPD/iepd//xml/instance/spdx-doc-test-instance-golang.xml","xsdpath":"/tmp/IEPD/iepd/xml/xsd/spdx-doc.xsd","valid":true},"1533361276510094180":{"entrytype":"Validate","status":"Pass","timestamp":1533361276510095618,"filepath":"/tmp/IEPD/iepd//xml/instance/spdx-doc-test-instance-golang.xml","xsdpath":"/tmp/IEPD/iepd/xml/xsd/spdx-ref.xsd","valid":true}}