{"1527817668270679965":{"entrytype":"Load Remote Match","status":"Pass","timestamp":1527817667913514085,"filepath":"/tmp/IEPD/iepd/xml/xsd/spdx-ref.xsd","digest":"b3f93c074d4d590d231abae93ce9943b5f9a0bd14a587a19bea6c7c6c1ebeb24","message":"Loaded Remote Resource"},"1527817668270687121":{"entrytype":"Authenticity Check","status":"Pass","timestamp":1527817668270684659,"filepath":"xml/xsd/spdx-ref.xsd","digest":"b3f93c074d4d590d231abae93ce9943b5f9a0bd14a587a19bea6c7c6c1ebeb24","message":"spdx-ref.xsd matches authoritative source"},"1527817668425027895":{"entrytype":"Load Remote Match","status":"Pass","timestamp":1527817668270688827,"filepath":"/tmp/IEPD/iepd/xml/instance/test_data.xml","digest":"536b3022ac62dbddca2e8b4d153b92ff69b2dcae06a4b47deb812191834ca471","message":"Loaded Remote Resource"},"1527817668425031720":{"entrytype":"Authenticity Check","status":"Pass","timestamp":1527817668425030438,"filepath":"xml/instance/test_data.xml","digest":"536b3022ac62dbddca2e8b4d153b92ff69b2dcae06a4b47deb812191834ca471","message":"test_data.xml matches authoritative source"},"1527817668425042150":{"entrytype":"GenerateResource","status":"Pass","timestamp":1527817668425047102,"filepath":"/tmp/IEPD/iepd/xml/xsd/spdx-license.xsd","xslpath":"/tmp/IEPD/iepd/xml/xsl/spdx_license_iep.xsl","digest":"2835980db26b682ca2b1048e0c13f16288a74033fa74c3304fe22ce0fb836af1"},"1527817668437181536":{"entrytype":"GenerateResource","status":"Pass","timestamp":1527817668437193952,"filepath":"/tmp/IEPD/iepd/xml/instance/test_instance.xml","xslpath":"/tmp/IEPD/iepd/xml/xsl/xml_instance.xsl","digest":"bbac2eb5a517808c194b1e634b9f8bab49805f736557bf227e5ce96ec97eb91a"},"1527817668440335951":{"entrytype":"GenerateResource","status":"Pass","timestamp":1527817668440346857,"filepath":"/tmp/IEPD/iepd/json/spdx-ref.json","xslpath":"/tmp/IEPD/iepd/xml/xsl/xsd_json.xsl","digest":"1d42eb2f575527d5f0594af9d10b453339530b1e23bb34a174a3745699d54331"},"1527817668488130403":{"entrytype":"GenerateResource","status":"Pass","timestamp":1527817668488141467,"filepath":"/tmp/IEPD/iepd/json/spdx-license.json","xslpath":"/tmp/IEPD/iepd/xml/xsl/xsd_json.xsl","digest":"ab6bf1fe2ecb8fe81fd275858acea23b013ea2e0b79d159dc686175074f996cb"},"1527817668492836980":{"entrytype":"GenerateResource","status":"Pass","timestamp":1527817668492847325,"filepath":"/tmp/IEPD/iepd/json/test_instance.json","xslpath":"/tmp/IEPD/iepd/xml/xsl/xml_json.xsl","digest":"e9281354391b2cf9eb83f8df4618d116678f89cb132bc555b2bb4a4b02547f49"},"1527817668495425488":{"entrytype":"GenerateResource","status":"Pass","timestamp":1527817668495438719,"filepath":"/tmp/IEPD/iepd/src/spdx/spdx-license.go","xslpath":"/tmp/IEPD/iepd/xml/xsl/go-gen.xsl","digest":"76097912a58a6a24c9101b4c98641c1aeb8328afe85c68eccb623f18c1062aea"},"1527817668500865065":{"entrytype":"GenerateResource","status":"Pass","timestamp":1527817668500875798,"filepath":"/tmp/IEPD/iepd/src/spdx/spdx-license_test.go","xslpath":"/tmp/IEPD/iepd/xml/xsl/go-test-gen.xsl","digest":"83d0b329c71abe3f974e430a9d1acd59d20ce1eeab5a9930e4cc605bf10c2d75"},"1527817668503884013":{"entrytype":"Marshal Data","status":"Pass","timestamp":1527817668504024778,"filepath":"/tmp/IEPD/iepd//xml/instance/test_instance-golang.xml","digest":"1b1a1494ad06e2f552f133611bd065d3febdad0c7c68c5c03a6cb12a65e25599"},"1527817668504044390":{"entrytype":"Validate","status":"Pass","timestamp":1527817668504045175,"filepath":"/tmp/IEPD/iepd/xml/xsd/spdx-ref.xsd","xsdpath":"/tmp/IEPD/iepd/xml/xsd/ext/w3c/XMLSchema.xsd","valid":true},"1527817683774068446":{"entrytype":"Validate","status":"Pass","timestamp":1527817683774075012,"filepath":"/tmp/IEPD/iepd/xml/xsd/spdx-license.xsd","xsdpath":"/tmp/IEPD/iepd/xml/xsd/ext/w3c/XMLSchema.xsd","valid":true},"1527817698990076218":{"entrytype":"Validate","status":"Pass","timestamp":1527817698990078176,"filepath":"/tmp/IEPD/iepd/xml/instance/test_instance.xml","xsdpath":"/tmp/IEPD/iepd/xml/xsd/spdx-license.xsd","valid":true},"1527817698990409799":{"entrytype":"Validate","status":"Pass","timestamp":1527817698990410468,"filepath":"/tmp/IEPD/iepd/xml/instance/test_instance.xml","xsdpath":"/tmp/IEPD/iepd/xml/xsd/spdx-ref.xsd","valid":true},"1527817698993251177":{"entrytype":"Validate","status":"Pass","timestamp":1527817698993253978,"filepath":"/tmp/IEPD/iepd//xml/instance/test_instance-golang.xml","xsdpath":"/tmp/IEPD/iepd/xml/xsd/spdx-license.xsd","valid":true},"1527817698993562014":{"entrytype":"Validate","status":"Pass","timestamp":1527817698993562958,"filepath":"/tmp/IEPD/iepd//xml/instance/test_instance-golang.xml","xsdpath":"/tmp/IEPD/iepd/xml/xsd/spdx-ref.xsd","valid":true}}