{"1528187800263831202":{"entrytype":"Load Remote Match","status":"Pass","timestamp":1528187799931414837,"filepath":"/tmp/IEPD/iepd/xml/xsd/spdx-ref.xsd","digest":"81333e73d8acacf2f66c333b9e56e76cd9037648dd5aace484d7a5fac69059eb","message":"Loaded Remote Resource"},"1528187800263834567":{"entrytype":"Authenticity Check","status":"Pass","timestamp":1528187800263833233,"filepath":"xml/xsd/spdx-ref.xsd","digest":"81333e73d8acacf2f66c333b9e56e76cd9037648dd5aace484d7a5fac69059eb","message":"spdx-ref.xsd matches authoritative source"},"1528187800406094480":{"entrytype":"Load Remote Match","status":"Pass","timestamp":1528187800263835222,"filepath":"/tmp/IEPD/iepd/xml/instance/test_data.xml","digest":"536b3022ac62dbddca2e8b4d153b92ff69b2dcae06a4b47deb812191834ca471","message":"Loaded Remote Resource"},"1528187800406098002":{"entrytype":"Authenticity Check","status":"Pass","timestamp":1528187800406096230,"filepath":"xml/instance/test_data.xml","digest":"536b3022ac62dbddca2e8b4d153b92ff69b2dcae06a4b47deb812191834ca471","message":"test_data.xml matches authoritative source"},"1528187800406105393":{"entrytype":"GenerateResource","status":"Pass","timestamp":1528187800406109578,"filepath":"/tmp/IEPD/iepd/xml/xsd/spdx-license.xsd","xslpath":"/tmp/IEPD/iepd/xml/xsl/spdx_license_iep.xsl","digest":"1173aacd6abdf281bbd4b30a27c0e83ef48e9798941de1cc2b6ffe6dfd0a9514"},"1528187800425787211":{"entrytype":"GenerateResource","status":"Pass","timestamp":1528187800425804637,"filepath":"/tmp/IEPD/iepd/xml/instance/test_instance.xml","xslpath":"/tmp/IEPD/iepd/xml/xsl/xml_instance.xsl","digest":"3bb093a1045ea1978c81974abd0dc455c498840eed60b678e071762a8e9c50a8"},"1528187800429444738":{"entrytype":"GenerateResource","status":"Pass","timestamp":1528187800429457149,"filepath":"/tmp/IEPD/iepd/json/spdx-ref.json","xslpath":"/tmp/IEPD/iepd/xml/xsl/xsd_json.xsl","digest":"eef98d251fe92a68eb3d709537473264fdcc94da7a3a70cc082ce4483598a793"},"1528187800475425443":{"entrytype":"GenerateResource","status":"Pass","timestamp":1528187800475435671,"filepath":"/tmp/IEPD/iepd/json/spdx-license.json","xslpath":"/tmp/IEPD/iepd/xml/xsl/xsd_json.xsl","digest":"0d02ec3ef65a312d493fc8da1cd264a725c1dd8add335c5bb5280936b0dcc2c5"},"1528187800479976668":{"entrytype":"GenerateResource","status":"Pass","timestamp":1528187800479988017,"filepath":"/tmp/IEPD/iepd/json/test_instance.json","xslpath":"/tmp/IEPD/iepd/xml/xsl/xml_json.xsl","digest":"850fb2357f5ffac39357780ebd8735aaa8b56328b572fb20b322ebbfa2d5488e"},"1528187800482363138":{"entrytype":"GenerateResource","status":"Pass","timestamp":1528187800482371524,"filepath":"/tmp/IEPD/iepd/src/spdx/spdx-license.go","xslpath":"/tmp/IEPD/iepd/xml/xsl/go-gen.xsl","digest":"85647f3b6214aaf4bb84796d99c6280702b7462281943bb07bc9524a4d9b4eb6"},"1528187800487582525":{"entrytype":"GenerateResource","status":"Pass","timestamp":1528187800487593288,"filepath":"/tmp/IEPD/iepd/src/spdx/spdx-license_test.go","xslpath":"/tmp/IEPD/iepd/xml/xsl/go-test-gen.xsl","digest":"a163bd30a80a68c2d64191839e330c7eb1978289247ecc1b9e999f6a66f305ae"},"1528187800490672441":{"entrytype":"Marshal Data","status":"Pass","timestamp":1528187800490813802,"filepath":"/tmp/IEPD/iepd//xml/instance/test_instance-golang.xml","digest":"6405421144a5756eb41ff2bb081d3794cae17da237fc3cc9f5d5de88be956cdf"},"1528187800490833772":{"entrytype":"Validate","status":"Pass","timestamp":1528187800490834594,"filepath":"/tmp/IEPD/iepd/xml/xsd/spdx-ref.xsd","xsdpath":"/tmp/IEPD/iepd/xml/xsd/ext/w3c/XMLSchema.xsd","valid":true},"1528187815726511768":{"entrytype":"Validate","status":"Pass","timestamp":1528187815726513906,"filepath":"/tmp/IEPD/iepd/xml/xsd/spdx-license.xsd","xsdpath":"/tmp/IEPD/iepd/xml/xsd/ext/w3c/XMLSchema.xsd","valid":true},"1528187830917437435":{"entrytype":"Validate","status":"Pass","timestamp":1528187830917439084,"filepath":"/tmp/IEPD/iepd/xml/instance/test_instance.xml","xsdpath":"/tmp/IEPD/iepd/xml/xsd/spdx-license.xsd","valid":true},"1528187830917755485":{"entrytype":"Validate","status":"Pass","timestamp":1528187830917756266,"filepath":"/tmp/IEPD/iepd/xml/instance/test_instance.xml","xsdpath":"/tmp/IEPD/iepd/xml/xsd/spdx-ref.xsd","valid":true},"1528187830920560528":{"entrytype":"Validate","status":"Pass","timestamp":1528187830920562769,"filepath":"/tmp/IEPD/iepd//xml/instance/test_instance-golang.xml","xsdpath":"/tmp/IEPD/iepd/xml/xsd/spdx-license.xsd","valid":true},"1528187830920848081":{"entrytype":"Validate","status":"Pass","timestamp":1528187830920848808,"filepath":"/tmp/IEPD/iepd//xml/instance/test_instance-golang.xml","xsdpath":"/tmp/IEPD/iepd/xml/xsd/spdx-ref.xsd","valid":true}}