{"1527811846018086499":{"entrytype":"Load Remote Match","status":"Pass","timestamp":1527811845720416470,"filepath":"/tmp/IEPD/iepd/xml/xsd/spdx-ref.xsd","digest":"b3f93c074d4d590d231abae93ce9943b5f9a0bd14a587a19bea6c7c6c1ebeb24","message":"Loaded Remote Resource"},"1527811846018088762":{"entrytype":"Authenticity Check","status":"Pass","timestamp":1527811846018087939,"filepath":"xml/xsd/spdx-ref.xsd","digest":"b3f93c074d4d590d231abae93ce9943b5f9a0bd14a587a19bea6c7c6c1ebeb24","message":"spdx-ref.xsd matches authoritative source"},"1527811846156593078":{"entrytype":"Load Remote Match","status":"Pass","timestamp":1527811846018089382,"filepath":"/tmp/IEPD/iepd/xml/instance/test_data.xml","digest":"536b3022ac62dbddca2e8b4d153b92ff69b2dcae06a4b47deb812191834ca471","message":"Loaded Remote Resource"},"1527811846156599924":{"entrytype":"Authenticity Check","status":"Pass","timestamp":1527811846156597350,"filepath":"xml/instance/test_data.xml","digest":"536b3022ac62dbddca2e8b4d153b92ff69b2dcae06a4b47deb812191834ca471","message":"test_data.xml matches authoritative source"},"1527811846156620881":{"entrytype":"GenerateResource","status":"Pass","timestamp":1527811846156640422,"filepath":"/tmp/IEPD/iepd/xml/xsd/spdx-license.xsd","xslpath":"/tmp/IEPD/iepd/xml/xsl/spdx_license_iep.xsl","digest":"2835980db26b682ca2b1048e0c13f16288a74033fa74c3304fe22ce0fb836af1"},"1527811846201988998":{"entrytype":"GenerateResource","status":"Pass","timestamp":1527811846202008709,"filepath":"/tmp/IEPD/iepd/xml/instance/test_instance.xml","xslpath":"/tmp/IEPD/iepd/xml/xsl/xml_instance.xsl","digest":"bbac2eb5a517808c194b1e634b9f8bab49805f736557bf227e5ce96ec97eb91a"},"1527811846207792069":{"entrytype":"GenerateResource","status":"Pass","timestamp":1527811846207806302,"filepath":"/tmp/IEPD/iepd/json/spdx-ref.json","xslpath":"/tmp/IEPD/iepd/xml/xsl/xsd_json.xsl","digest":"1d42eb2f575527d5f0594af9d10b453339530b1e23bb34a174a3745699d54331"},"1527811846257953730":{"entrytype":"GenerateResource","status":"Pass","timestamp":1527811846257963525,"filepath":"/tmp/IEPD/iepd/json/spdx-license.json","xslpath":"/tmp/IEPD/iepd/xml/xsl/xsd_json.xsl","digest":"ab6bf1fe2ecb8fe81fd275858acea23b013ea2e0b79d159dc686175074f996cb"},"1527811846262844307":{"entrytype":"GenerateResource","status":"Pass","timestamp":1527811846262856863,"filepath":"/tmp/IEPD/iepd/json/test_instance.json","xslpath":"/tmp/IEPD/iepd/xml/xsl/xml_json.xsl","digest":"e9281354391b2cf9eb83f8df4618d116678f89cb132bc555b2bb4a4b02547f49"},"1527811846265313829":{"entrytype":"GenerateResource","status":"Pass","timestamp":1527811846265323398,"filepath":"/tmp/IEPD/iepd/src/spdx/spdx-license.go","xslpath":"/tmp/IEPD/iepd/xml/xsl/go-gen.xsl","digest":"76097912a58a6a24c9101b4c98641c1aeb8328afe85c68eccb623f18c1062aea"},"1527811846270245722":{"entrytype":"GenerateResource","status":"Pass","timestamp":1527811846270256872,"filepath":"/tmp/IEPD/iepd/src/spdx/spdx-license_test.go","xslpath":"/tmp/IEPD/iepd/xml/xsl/go-test-gen.xsl","digest":"83d0b329c71abe3f974e430a9d1acd59d20ce1eeab5a9930e4cc605bf10c2d75"},"1527811846273321667":{"entrytype":"Marshal Data","status":"Pass","timestamp":1527811846273461934,"filepath":"/tmp/IEPD/iepd//xml/instance/test_instance-golang.xml","digest":"1b1a1494ad06e2f552f133611bd065d3febdad0c7c68c5c03a6cb12a65e25599"},"1527811846273483022":{"entrytype":"Validate","status":"Pass","timestamp":1527811846273484082,"filepath":"/tmp/IEPD/iepd/xml/xsd/spdx-ref.xsd","xsdpath":"/tmp/IEPD/iepd/xml/xsd/ext/w3c/XMLSchema.xsd","valid":true},"1527811861488790930":{"entrytype":"Validate","status":"Pass","timestamp":1527811861488797310,"filepath":"/tmp/IEPD/iepd/xml/xsd/spdx-license.xsd","xsdpath":"/tmp/IEPD/iepd/xml/xsd/ext/w3c/XMLSchema.xsd","valid":true},"1527811876694477880":{"entrytype":"Validate","status":"Pass","timestamp":1527811876694480584,"filepath":"/tmp/IEPD/iepd/xml/instance/test_instance.xml","xsdpath":"/tmp/IEPD/iepd/xml/xsd/spdx-license.xsd","valid":true},"1527811876694816248":{"entrytype":"Validate","status":"Pass","timestamp":1527811876694817031,"filepath":"/tmp/IEPD/iepd/xml/instance/test_instance.xml","xsdpath":"/tmp/IEPD/iepd/xml/xsd/spdx-ref.xsd","valid":true},"1527811876697684669":{"entrytype":"Validate","status":"Pass","timestamp":1527811876697687534,"filepath":"/tmp/IEPD/iepd//xml/instance/test_instance-golang.xml","xsdpath":"/tmp/IEPD/iepd/xml/xsd/spdx-license.xsd","valid":true},"1527811876698001017":{"entrytype":"Validate","status":"Pass","timestamp":1527811876698001944,"filepath":"/tmp/IEPD/iepd//xml/instance/test_instance-golang.xml","xsdpath":"/tmp/IEPD/iepd/xml/xsd/spdx-ref.xsd","valid":true}}