{"1528081013931664846":{"entrytype":"Load Remote Match","status":"Pass","timestamp":1528081013726106344,"filepath":"/tmp/IEPD/iepd/xml/xsd/spdx-ref.xsd","digest":"3d90a6a5da3572bc70a66fca647dd9143175ce2375d676682818183e010c3685","message":"Loaded Remote Resource"},"1528081013931670660":{"entrytype":"Authenticity Check","status":"Pass","timestamp":1528081013931668748,"filepath":"xml/xsd/spdx-ref.xsd","digest":"3d90a6a5da3572bc70a66fca647dd9143175ce2375d676682818183e010c3685","message":"spdx-ref.xsd matches authoritative source"},"1528081013962452026":{"entrytype":"Load Remote Match","status":"Pass","timestamp":1528081013931672594,"filepath":"/tmp/IEPD/iepd/xml/instance/test_data.xml","digest":"536b3022ac62dbddca2e8b4d153b92ff69b2dcae06a4b47deb812191834ca471","message":"Loaded Remote Resource"},"1528081013962456098":{"entrytype":"Authenticity Check","status":"Pass","timestamp":1528081013962454471,"filepath":"xml/instance/test_data.xml","digest":"536b3022ac62dbddca2e8b4d153b92ff69b2dcae06a4b47deb812191834ca471","message":"test_data.xml matches authoritative source"},"1528081013962477093":{"entrytype":"GenerateResource","status":"Pass","timestamp":1528081013962484112,"filepath":"/tmp/IEPD/iepd/xml/xsd/spdx-license.xsd","xslpath":"/tmp/IEPD/iepd/xml/xsl/spdx_license_iep.xsl","digest":"a141e32e6bd537806dd2d6538679582dab13fea90563b0e3e5bed51f4b19cf93"},"1528081013995694525":{"entrytype":"GenerateResource","status":"Pass","timestamp":1528081013996111637,"filepath":"/tmp/IEPD/iepd/xml/instance/test_instance.xml","xslpath":"/tmp/IEPD/iepd/xml/xsl/xml_instance.xsl","digest":"3bb093a1045ea1978c81974abd0dc455c498840eed60b678e071762a8e9c50a8"},"1528081014001662087":{"entrytype":"GenerateResource","status":"Pass","timestamp":1528081014001683676,"filepath":"/tmp/IEPD/iepd/json/spdx-ref.json","xslpath":"/tmp/IEPD/iepd/xml/xsl/xsd_json.xsl","digest":"d3b9b0e33b229266007189dc1c7b0677bf6049716411c201ddb77f07e73777c9"},"1528081014081179482":{"entrytype":"GenerateResource","status":"Pass","timestamp":1528081014081209698,"filepath":"/tmp/IEPD/iepd/json/spdx-license.json","xslpath":"/tmp/IEPD/iepd/xml/xsl/xsd_json.xsl","digest":"e04e03514aceae0982e1921e06a558b3552f5f393774dd8875c65b482b5bf93d"},"1528081014093249659":{"entrytype":"GenerateResource","status":"Pass","timestamp":1528081014093275645,"filepath":"/tmp/IEPD/iepd/json/test_instance.json","xslpath":"/tmp/IEPD/iepd/xml/xsl/xml_json.xsl","digest":"850fb2357f5ffac39357780ebd8735aaa8b56328b572fb20b322ebbfa2d5488e"},"1528081014096542995":{"entrytype":"GenerateResource","status":"Pass","timestamp":1528081014096567164,"filepath":"/tmp/IEPD/iepd/src/spdx/spdx-license.go","xslpath":"/tmp/IEPD/iepd/xml/xsl/go-gen.xsl","digest":"a99a4e5931b2167a18df7ba2e53d4b5258440096689b5998cb2a943c94b2f28b"},"1528081014106039184":{"entrytype":"GenerateResource","status":"Pass","timestamp":1528081014106056733,"filepath":"/tmp/IEPD/iepd/src/spdx/spdx-license_test.go","xslpath":"/tmp/IEPD/iepd/xml/xsl/go-test-gen.xsl","digest":"a163bd30a80a68c2d64191839e330c7eb1978289247ecc1b9e999f6a66f305ae"},"1528081014110806206":{"entrytype":"Marshal Data","status":"Pass","timestamp":1528081014111130851,"filepath":"/tmp/IEPD/iepd//xml/instance/test_instance-golang.xml","digest":"6405421144a5756eb41ff2bb081d3794cae17da237fc3cc9f5d5de88be956cdf"},"1528081014111174719":{"entrytype":"Validate","status":"Pass","timestamp":1528081014111176657,"filepath":"/tmp/IEPD/iepd/xml/xsd/spdx-ref.xsd","xsdpath":"/tmp/IEPD/iepd/xml/xsd/ext/w3c/XMLSchema.xsd","valid":true},"1528081029169948512":{"entrytype":"Validate","status":"Pass","timestamp":1528081029169953309,"filepath":"/tmp/IEPD/iepd/xml/xsd/spdx-license.xsd","xsdpath":"/tmp/IEPD/iepd/xml/xsd/ext/w3c/XMLSchema.xsd","valid":true},"1528081044218463165":{"entrytype":"Validate","status":"Pass","timestamp":1528081044218467943,"filepath":"/tmp/IEPD/iepd/xml/instance/test_instance.xml","xsdpath":"/tmp/IEPD/iepd/xml/xsd/spdx-license.xsd","valid":true},"1528081044219820583":{"entrytype":"Validate","status":"Pass","timestamp":1528081044219822989,"filepath":"/tmp/IEPD/iepd/xml/instance/test_instance.xml","xsdpath":"/tmp/IEPD/iepd/xml/xsd/spdx-ref.xsd","valid":true},"1528081044225979575":{"entrytype":"Validate","status":"Pass","timestamp":1528081044225982369,"filepath":"/tmp/IEPD/iepd//xml/instance/test_instance-golang.xml","xsdpath":"/tmp/IEPD/iepd/xml/xsd/spdx-license.xsd","valid":true},"1528081044226489360":{"entrytype":"Validate","status":"Pass","timestamp":1528081044226491699,"filepath":"/tmp/IEPD/iepd//xml/instance/test_instance-golang.xml","xsdpath":"/tmp/IEPD/iepd/xml/xsd/spdx-ref.xsd","valid":true}}