<?xml version="1.0"?>
<License xmlns="spdx:xsd::1.0">
  <LicenseID>BSD-3-Clause-No-Nuclear-License-2014</LicenseID>
  <Comment>This license has a Oracle copyright notice. It is the same license as BSD-3-Clause-No-Nuclear-License, except it has a different entire disclaimer clause that is the same as BSD-3-Clause.</Comment>
  <SeeAlso>https://java.net/projects/javaeetutorial/pages/BerkeleyLicense</SeeAlso>
  <Name>BSD 3-Clause No Nuclear License 2014</Name>
  <IsDeprecatedLicenseID>false</IsDeprecatedLicenseID>
  <IsOsiApproved>false</IsOsiApproved>
  <IsFsfLibre>false</IsFsfLibre>
  <StandardLicenseHeader/>
  <LicenseText>Copyright © 2008, 2014 Oracle and/or its affiliates. All rights reserved.

Use is subject to license terms.

Redistribution and use in source and binary forms, with or without modification, are permitted provided that the following conditions are met:

   * Redistributions of source code must retain the above copyright notice, this list of conditions and the following disclaimer.

   * Redistributions in binary form must reproduce the above copyright notice, this list of conditions and the following disclaimer in the documentation and/or other materials provided with the distribution.

   * Neither the name of Oracle Corporation nor the names of its contributors may be used to endorse or promote products derived from this software without specific prior written permission.

THIS SOFTWARE IS PROVIDED BY THE COPYRIGHT HOLDERS AND CONTRIBUTORS "AS IS" AND ANY EXPRESS OR IMPLIED WARRANTIES, INCLUDING, BUT NOT LIMITED TO, THE IMPLIED WARRANTIES OF MERCHANTABILITY AND FITNESS FOR A PARTICULAR PURPOSE ARE DISCLAIMED. IN NO EVENT SHALL THE COPYRIGHT OWNER OR CONTRIBUTORS BE LIABLE FOR ANY DIRECT, INDIRECT, INCIDENTAL, SPECIAL, EXEMPLARY, OR CONSEQUENTIAL DAMAGES (INCLUDING, BUT NOT LIMITED TO, PROCUREMENT OF SUBSTITUTE GOODS OR SERVICES; LOSS OF USE, DATA, OR PROFITS; OR BUSINESS INTERRUPTION) HOWEVER CAUSED AND ON ANY THEORY OF LIABILITY, WHETHER IN CONTRACT, STRICT LIABILITY, OR TORT (INCLUDING NEGLIGENCE OR OTHERWISE) ARISING IN ANY WAY OUT OF THE USE OF THIS SOFTWARE, EVEN IF ADVISED OF THE POSSIBILITY OF SUCH DAMAGE.

You acknowledge that this software is not designed, licensed or intended for use in the design, construction, operation or maintenance of any nuclear facility.</LicenseText>
  <StandardLicenseTemplate>Copyright © 2008, 2014 Oracle and/or its affiliates. All rights reserved.

Use is subject to license terms.

Redistribution and use in source and binary forms, with or without modification, are permitted provided that the following conditions are met:

   &lt;&lt;var;name="bullet";original="*";match=".{0,20}"&gt;&gt; Redistributions of source code must retain the above copyright notice, this list of conditions and the following disclaimer.

   &lt;&lt;var;name="bullet";original="*";match=".{0,20}"&gt;&gt; Redistributions in binary form must reproduce the above copyright notice, this list of conditions and the following disclaimer in the documentation and/or other materials provided with the distribution.

   &lt;&lt;var;name="bullet";original="*";match=".{0,20}"&gt;&gt; Neither the name of Oracle Corporation nor the names of its contributors may be used to endorse or promote products derived from this software without specific prior written permission.

THIS SOFTWARE IS PROVIDED BY THE COPYRIGHT HOLDERS AND CONTRIBUTORS "AS IS" AND ANY EXPRESS OR IMPLIED WARRANTIES, INCLUDING, BUT NOT LIMITED TO, THE IMPLIED WARRANTIES OF MERCHANTABILITY AND FITNESS FOR A PARTICULAR PURPOSE ARE DISCLAIMED. IN NO EVENT SHALL THE COPYRIGHT OWNER OR CONTRIBUTORS BE LIABLE FOR ANY DIRECT, INDIRECT, INCIDENTAL, SPECIAL, EXEMPLARY, OR CONSEQUENTIAL DAMAGES (INCLUDING, BUT NOT LIMITED TO, PROCUREMENT OF SUBSTITUTE GOODS OR SERVICES; LOSS OF USE, DATA, OR PROFITS; OR BUSINESS INTERRUPTION) HOWEVER CAUSED AND ON ANY THEORY OF LIABILITY, WHETHER IN CONTRACT, STRICT LIABILITY, OR TORT (INCLUDING NEGLIGENCE OR OTHERWISE) ARISING IN ANY WAY OUT OF THE USE OF THIS SOFTWARE, EVEN IF ADVISED OF THE POSSIBILITY OF SUCH DAMAGE.

You acknowledge that this software is not designed, licensed or intended for use in the design, construction, operation or maintenance of any nuclear facility.</StandardLicenseTemplate>
</License>
