<?xml version="1.0"?>
<License xmlns="spdx:xsd::1.0">
  <LicenseID>XSkat</LicenseID>
  <Comment/>
  <SeeAlso>https://fedoraproject.org/wiki/Licensing/XSkat_License</SeeAlso>
  <Name>XSkat License</Name>
  <IsDeprecatedLicenseID>false</IsDeprecatedLicenseID>
  <IsOsiApproved>false</IsOsiApproved>
  <IsFsfLibre>false</IsFsfLibre>
  <StandardLicenseHeader/>
  <LicenseText>This program is free software; you can redistribute it freely.

Use it at your own risk; there is NO WARRANTY.

Redistribution of modified versions is permitted provided that the following conditions are met:

   1. All copyright &amp; permission notices are preserved.

   2.a) Only changes required for packaging or porting are made.

   or

   2.b) It is clearly stated who last changed the program. The program is renamed or the version number is of the form x.y.z, where x.y is the version of the original program and z is an arbitrary suffix.</LicenseText>
  <StandardLicenseTemplate>This program is free software; you can redistribute it freely.

Use it at your own risk; there is NO WARRANTY.

Redistribution of modified versions is permitted provided that the following conditions are met:

   &lt;&lt;var;name="bullet";original="1.";match=".{0,20}"&gt;&gt; All copyright &amp; permission notices are preserved.

   &lt;&lt;var;name="bullet";original="2.a)";match=".{0,20}"&gt;&gt; Only changes required for packaging or porting are made.

   or

   &lt;&lt;var;name="bullet";original="2.b)";match=".{0,20}"&gt;&gt; It is clearly stated who last changed the program. The program is renamed or the version number is of the form x.y.z, where x.y is the version of the original program and z is an arbitrary suffix.</StandardLicenseTemplate>
</License>
