<?xml version="1.0" encoding="UTF-8"?>
<License xmlns="spdx:xsd::1.0"
         xmlns:xsi="http://www.w3.org/2001/XMLSchema-instance"
         xmlns:spdx="http://spdx.org/rdf/terms#"
         xmlns:rdf="http://www.w3.org/1999/02/22-rdf-syntax-ns#"
         xsi:schemaLocation="spdx:xsd::1.0 ../../xml/xsd/spdx-ref.xsd">
   <LicenseID>AAL</LicenseID>
   <Comment>This license was released: 2002 Originally written by Edwin A. Suominen for licensing his PRIVARIA secure networking software (see www.privaria.org). The author, who is not an attorney, places this license template into the public domain along with a complete disclaimer of any warranty or responsibility for its content or legal efficacy. You may use or modify the language freely, but entirely at your own risk.</Comment>
   <SeeAlso>http://www.opensource.org/licenses/attribution</SeeAlso>
   <Name>Attribution Assurance License</Name>
   <IsDeprecatedLicenseID>false</IsDeprecatedLicenseID>
   <IsOsiApproved>true</IsOsiApproved>
   <IsFsfLibre>false</IsFsfLibre>
   <StandardLicenseHeader/>
   <LicenseText>Attribution Assurance License

Copyright (c) 2002 by AUTHOR PROFESSIONAL IDENTIFICATION * URL "PROMOTIONAL SLOGAN FOR AUTHOR'S PROFESSIONAL PRACTICE"

All Rights Reserved ATTRIBUTION ASSURANCE LICENSE (adapted from the original BSD license)

Redistribution and use in source and binary forms, with or without modification, are permitted provided that the conditions below are met. These conditions require a modest attribution to &lt;AUTHOR&gt; (the "Author"), who hopes that its promotional value may help justify the thousands of dollars in otherwise billable time invested in writing this and other freely available, open-source software.

   1. Redistributions of source code, in whole or part and with or without modification (the "Code"), must prominently display this GPG-signed text in verifiable form.

   2. Redistributions of the Code in binary form must be accompanied by this GPG-signed text in any documentation and, each time the resulting executable program or a program dependent thereon is launched, a prominent display (e.g., splash screen or banner text) of the Author's attribution information, which includes:

      (a) Name ("AUTHOR"),

      (b) Professional identification ("PROFESSIONAL IDENTIFICATION"), and

      (c) URL ("URL").

   3. Neither the name nor any trademark of the Author may be used to endorse or promote products derived from this software without specific prior written permission.

   4. Users are entirely responsible, to the exclusion of the Author and any other persons, for compliance with (1) regulations set by owners or administrators of employed equipment, (2) licensing terms of any other software, and (3) local regulations regarding use, including those regarding import, export, and use of encryption software.

THIS FREE SOFTWARE IS PROVIDED BY THE AUTHOR "AS IS" AND ANY EXPRESS OR IMPLIED WARRANTIES, INCLUDING, BUT NOT LIMITED TO, THE IMPLIED WARRANTIES OF MERCHANTABILITY AND FITNESS FOR A PARTICULAR PURPOSE ARE DISCLAIMED. IN NO EVENT SHALL THE AUTHOR OR ANY CONTRIBUTOR BE LIABLE FOR ANY DIRECT, INDIRECT, INCIDENTAL, SPECIAL, EXEMPLARY, OR CONSEQUENTIAL DAMAGES (INCLUDING, BUT NOT LIMITED TO, EFFECTS OF UNAUTHORIZED OR MALICIOUS NETWORK ACCESS; PROCUREMENT OF SUBSTITUTE GOODS OR SERVICES; LOSS OF USE, DATA, OR PROFITS; OR BUSINESS INTERRUPTION) HOWEVER CAUSED AND ON ANY THEORY OF LIABILITY, WHETHER IN CONTRACT, STRICT LIABILITY, OR TORT (INCLUDING NEGLIGENCE OR OTHERWISE) ARISING IN ANY WAY OUT OF THE USE OF THIS SOFTWARE, EVEN IF ADVISED OF THE POSSIBILITY OF SUCH DAMAGE.</LicenseText>
   <StandardLicenseTemplate>&lt;&lt;beginOptional&gt;&gt; Attribution Assurance License&lt;&lt;endOptional&gt;&gt;

Copyright (c) &lt;&lt;var;name="copyright";original="2002 by AUTHOR PROFESSIONAL IDENTIFICATION * URL "PROMOTIONAL SLOGAN FOR AUTHOR'S PROFESSIONAL PRACTICE"";match=".+"&gt;&gt;

All Rights Reserved&lt;&lt;beginOptional&gt;&gt; ATTRIBUTION ASSURANCE LICENSE (adapted from the original BSD license)&lt;&lt;endOptional&gt;&gt;

Redistribution and use in source and binary forms, with or without modification, are permitted provided that the conditions below are met. These conditions require a modest attribution to &lt;&lt;var;name="author";original="&lt;AUTHOR&gt;";match=".+"&gt;&gt; (the "Author"), who hopes that its promotional value may help justify the thousands of dollars in otherwise billable time invested in writing this and other freely available, open-source software.

   &lt;&lt;var;name="bullet";original="1.";match=".{0,20}"&gt;&gt; Redistributions of source code, in whole or part and with or without modification (the "Code"), must prominently display this GPG-signed text in verifiable form.

   &lt;&lt;var;name="bullet";original="2.";match=".{0,20}"&gt;&gt; Redistributions of the Code in binary form must be accompanied by this GPG-signed text in any documentation and, each time the resulting executable program or a program dependent thereon is launched, a prominent display (e.g., splash screen or banner text) of the Author's attribution information, which includes:

      &lt;&lt;var;name="bullet";original="(a)";match=".{0,20}"&gt;&gt; &lt;&lt;var;name="author";original="Name";match=".+"&gt;&gt; ("AUTHOR"),

      &lt;&lt;var;name="bullet";original="(b)";match=".{0,20}"&gt;&gt; &lt;&lt;var;name="profIdent";original="Professional identification";match=".+"&gt;&gt; ("PROFESSIONAL IDENTIFICATION"), and

      &lt;&lt;var;name="bullet";original="(c)";match=".{0,20}"&gt;&gt; &lt;&lt;var;name="url";original="URL";match=".+"&gt;&gt; ("URL").

   &lt;&lt;var;name="bullet";original="3.";match=".{0,20}"&gt;&gt; Neither the name nor any trademark of the Author may be used to endorse or promote products derived from this software without specific prior written permission.

   &lt;&lt;var;name="bullet";original="4.";match=".{0,20}"&gt;&gt; Users are entirely responsible, to the exclusion of the Author and any other persons, for compliance with (1) regulations set by owners or administrators of employed equipment, (2) licensing terms of any other software, and (3) local regulations regarding use, including those regarding import, export, and use of encryption software.

THIS FREE SOFTWARE IS PROVIDED BY THE AUTHOR "AS IS" AND ANY EXPRESS OR IMPLIED WARRANTIES, INCLUDING, BUT NOT LIMITED TO, THE IMPLIED WARRANTIES OF MERCHANTABILITY AND FITNESS FOR A PARTICULAR PURPOSE ARE DISCLAIMED. IN NO EVENT SHALL THE AUTHOR OR ANY CONTRIBUTOR BE LIABLE FOR ANY DIRECT, INDIRECT, INCIDENTAL, SPECIAL, EXEMPLARY, OR CONSEQUENTIAL DAMAGES (INCLUDING, BUT NOT LIMITED TO, EFFECTS OF UNAUTHORIZED OR MALICIOUS NETWORK ACCESS; PROCUREMENT OF SUBSTITUTE GOODS OR SERVICES; LOSS OF USE, DATA, OR PROFITS; OR BUSINESS INTERRUPTION) HOWEVER CAUSED AND ON ANY THEORY OF LIABILITY, WHETHER IN CONTRACT, STRICT LIABILITY, OR TORT (INCLUDING NEGLIGENCE OR OTHERWISE) ARISING IN ANY WAY OUT OF THE USE OF THIS SOFTWARE, EVEN IF ADVISED OF THE POSSIBILITY OF SUCH DAMAGE.</StandardLicenseTemplate>
</License>
