<?xml version="1.0" encoding="UTF-8"?>
<License xmlns="spdx:xsd::1.0"
         xmlns:xsi="http://www.w3.org/2001/XMLSchema-instance"
         xmlns:spdx="http://spdx.org/rdf/terms#"
         xmlns:rdf="http://www.w3.org/1999/02/22-rdf-syntax-ns#"
         xsi:schemaLocation="spdx:xsd::1.0 ../../xml/xsd/spdx-ref.xsd">
   <StandardLicenseTemplate>&lt;&lt;beginOptional&gt;&gt; This is APREAMBL.TEX, version 1.10e, written by Hans-Hermann Bode

(HHBODE@DOSUNI1.BITNET), for the BibTeX `adaptable' family, version 1.10.

See the file APREAMBL.DOC for a detailed documentation.&lt;&lt;endOptional&gt;&gt;

This program is distributed WITHOUT ANY WARRANTY, express or implied.

Copyright (C) 1991, 1992 Hans-Hermann Bode

Permission is granted to make and distribute verbatim copies of this document provided that the copyright notice and this permission notice are preserved on all copies.

Permission is granted to copy and distribute modified versions of this document under the conditions for verbatim copying, provided that the entire resulting derived work is distributed under the terms of a permission notice identical to this one.</StandardLicenseTemplate>
   <LicenseText>This is APREAMBL.TEX, version 1.10e, written by Hans-Hermann Bode

(HHBODE@DOSUNI1.BITNET), for the BibTeX `adaptable' family, version 1.10.

See the file APREAMBL.DOC for a detailed documentation.

This program is distributed WITHOUT ANY WARRANTY, express or implied.

Copyright (C) 1991, 1992 Hans-Hermann Bode

Permission is granted to make and distribute verbatim copies of this document provided that the copyright notice and this permission notice are preserved on all copies.

Permission is granted to copy and distribute modified versions of this document under the conditions for verbatim copying, provided that the entire resulting derived work is distributed under the terms of a permission notice identical to this one.</LicenseText>
   <LicenseId>Abstyles</LicenseId>
   <Name>Abstyles License</Name>
   <SeeAlso>https://fedoraproject.org/wiki/Licensing/Abstyles</SeeAlso>
</License>
