<?xml version="1.0" encoding="UTF-8"?>
<License xmlns="spdx:xsd::1.0"
         xmlns:xsi="http://www.w3.org/2001/XMLSchema-instance"
         xmlns:spdx="http://spdx.org/rdf/terms#"
         xmlns:rdf="http://www.w3.org/1999/02/22-rdf-syntax-ns#"
         xsi:schemaLocation="spdx:xsd::1.0 ../../xml/xsd/spdx-ref.xsd">
   <StandardLicenseTemplate>(C) 1988, 1989 by Adobe Systems Incorporated. All rights reserved.

This file may be freely copied and redistributed as long as:

   &lt;&lt;var;name="bullet";original="1)";match=".{0,20}"&gt;&gt; This entire notice continues to be included in the file,

   &lt;&lt;var;name="bullet";original="2)";match=".{0,20}"&gt;&gt; If the file has been modified in any way, a notice of such modification is conspicuously indicated.

PostScript, Display PostScript, and Adobe are registered trademarks of Adobe Systems Incorporated.

THE INFORMATION BELOW IS FURNISHED AS IS, IS SUBJECT TO CHANGE WITHOUT NOTICE, AND SHOULD NOT BE CONSTRUED AS A COMMITMENT BY ADOBE SYSTEMS INCORPORATED. ADOBE SYSTEMS INCORPORATED ASSUMES NO RESPONSIBILITY OR LIABILITY FOR ANY ERRORS OR INACCURACIES, MAKES NO WARRANTY OF ANY KIND (EXPRESS, IMPLIED OR STATUTORY) WITH RESPECT TO THIS INFORMATION, AND EXPRESSLY DISCLAIMS ANY AND ALL WARRANTIES OF MERCHANTABILITY, FITNESS FOR PARTICULAR PURPOSES AND NONINFRINGEMENT OF THIRD PARTY RIGHTS.</StandardLicenseTemplate>
   <LicenseText>(C) 1988, 1989 by Adobe Systems Incorporated. All rights reserved.

This file may be freely copied and redistributed as long as:

   1) This entire notice continues to be included in the file,

   2) If the file has been modified in any way, a notice of such modification is conspicuously indicated.

PostScript, Display PostScript, and Adobe are registered trademarks of Adobe Systems Incorporated.

THE INFORMATION BELOW IS FURNISHED AS IS, IS SUBJECT TO CHANGE WITHOUT NOTICE, AND SHOULD NOT BE CONSTRUED AS A COMMITMENT BY ADOBE SYSTEMS INCORPORATED. ADOBE SYSTEMS INCORPORATED ASSUMES NO RESPONSIBILITY OR LIABILITY FOR ANY ERRORS OR INACCURACIES, MAKES NO WARRANTY OF ANY KIND (EXPRESS, IMPLIED OR STATUTORY) WITH RESPECT TO THIS INFORMATION, AND EXPRESSLY DISCLAIMS ANY AND ALL WARRANTIES OF MERCHANTABILITY, FITNESS FOR PARTICULAR PURPOSES AND NONINFRINGEMENT OF THIRD PARTY RIGHTS.</LicenseText>
   <LicenseId>Afmparse</LicenseId>
   <Name>Afmparse License</Name>
   <SeeAlso>https://fedoraproject.org/wiki/Licensing/Afmparse</SeeAlso>
</License>
