<?xml version="1.0" encoding="UTF-8"?>
<License xmlns="spdx:xsd::1.0"
         xmlns:xsi="http://www.w3.org/2001/XMLSchema-instance"
         xmlns:spdx="http://spdx.org/rdf/terms#"
         xmlns:rdf="http://www.w3.org/1999/02/22-rdf-syntax-ns#"
         xsi:schemaLocation="spdx:xsd::1.0 ../../xml/xsd/spdx-ref.xsd">
   <LicenseID>Apache-1.1</LicenseID>
   <Comment>This license has been superseded by Apache License 2.0</Comment>
   <SeeAlso>http://apache.org/licenses/LICENSE-1.1</SeeAlso>
   <SeeAlso>http://opensource.org/licenses/Apache-1.1</SeeAlso>
   <Name>Apache License 1.1</Name>
   <IsDeprecatedLicenseID>false</IsDeprecatedLicenseID>
   <IsOsiApproved>true</IsOsiApproved>
   <IsFsfLibre>true</IsFsfLibre>
   <StandardLicenseHeader/>
   <LicenseText>Apache License 1.1

Copyright (c) 2000 The Apache Software Foundation . All rights reserved.

Redistribution and use in source and binary forms, with or without modification, are permitted provided that the following conditions are met:

   1. Redistributions of source code must retain the above copyright notice, this list of conditions and the following disclaimer.

   2. Redistributions in binary form must reproduce the above copyright notice, this list of conditions and the following disclaimer in the documentation and/or other materials provided with the distribution.

   3. The end-user documentation included with the redistribution, if any, must include the following acknowledgment:

   "This product includes software developed by the Apache Software Foundation (http://www.apache.org/) ."

   Alternately, this acknowledgment may appear in the software itself, if and wherever such third-party acknowledgments normally appear.

   4. The name "Apache" and "Apache Software Foundation" must not be used to endorse or promote products derived from this software without prior written permission. For written permission, please contact apache@apache.org .

   5. Products derived from this software may not be called "Apache" [ex. "Jakarta," "Apache," or "Apache Commons,"] nor may "Apache" [ex. the names] appear in their name, without prior written permission of the Apache Software Foundation .

THIS SOFTWARE IS PROVIDED ''AS IS'' AND ANY EXPRESSED OR IMPLIED WARRANTIES, INCLUDING, BUT NOT LIMITED TO, THE IMPLIED WARRANTIES OF MERCHANTABILITY AND FITNESS FOR A PARTICULAR PURPOSE ARE DISCLAIMED. IN NO EVENT SHALL THE APACHE SOFTWARE FOUNDATION OR ITS CONTRIBUTORS BE LIABLE FOR ANY DIRECT, INDIRECT, INCIDENTAL, SPECIAL, EXEMPLARY, OR CONSEQUENTIAL DAMAGES (INCLUDING, BUT NOT LIMITED TO, PROCUREMENT OF SUBSTITUTE GOODS OR SERVICES; LOSS OF USE, DATA, OR PROFITS; OR BUSINESS INTERRUPTION) HOWEVER CAUSED AND ON ANY THEORY OF LIABILITY, WHETHER IN CONTRACT, STRICT LIABILITY, OR TORT (INCLUDING NEGLIGENCE OR OTHERWISE) ARISING IN ANY WAY OUT OF THE USE OF THIS SOFTWARE, EVEN IF ADVISED OF THE POSSIBILITY OF SUCH DAMAGE.

This software consists of voluntary contributions made by many individuals on behalf of the Apache Software Foundation. For more information on the Apache Software Foundation, please see http://www.apache.org/. Portions of this software are based upon public domain software originally written at the National Center for Supercomputing Applications, University of Illinois, Urbana-Champaign.</LicenseText>
   <StandardLicenseTemplate>&lt;&lt;beginOptional&gt;&gt; Apache License 1.1&lt;&lt;endOptional&gt;&gt;

Copyright (c) &lt;&lt;var;name="copyright";original="2000 The Apache Software Foundation";match=".+"&gt;&gt; . All rights reserved.

Redistribution and use in source and binary forms, with or without modification, are permitted provided that the following conditions are met:

   &lt;&lt;var;name="bullet";original="1.";match=".{0,20}"&gt;&gt; Redistributions of source code must retain the above copyright notice, this list of conditions and the following disclaimer.

   &lt;&lt;var;name="bullet";original="2.";match=".{0,20}"&gt;&gt; Redistributions in binary form must reproduce the above copyright notice, this list of conditions and the following disclaimer in the documentation and/or other materials provided with the distribution.

   &lt;&lt;var;name="bullet";original="3.";match=".{0,20}"&gt;&gt; The end-user documentation included with the redistribution, if any, must include the following acknowledgment:

   "This product includes software developed by &lt;&lt;var;name="organizationClause3";original="the Apache Software Foundation (http://www.apache.org/)";match=".+"&gt;&gt; ."

   Alternately, this acknowledgment may appear in the software itself, if and wherever such third-party acknowledgments normally appear.

   &lt;&lt;var;name="bullet";original="4.";match=".{0,20}"&gt;&gt; The &lt;&lt;var;name="nameClause4";original="name";match="name\(s\)|name|name"&gt;&gt; &lt;&lt;var;name="organizationClause4";original=""Apache" and "Apache Software Foundation"";match=".+"&gt;&gt; must not be used to endorse or promote products derived from this software without prior written permission. For written permission, please contact &lt;&lt;var;name="contactClause4";original="apache@apache.org";match=".+"&gt;&gt; .

   &lt;&lt;var;name="bullet";original="5.";match=".{0,20}"&gt;&gt; Products derived from this software may not be called &lt;&lt;var;name="name1Clause5";original=""Apache" [ex. "Jakarta," "Apache," or "Apache Commons,"]";match=".+"&gt;&gt; nor may &lt;&lt;var;name="name2clause5";original=""Apache" [ex. the names]";match=".+"&gt;&gt; appear in their name, without prior written permission of &lt;&lt;var;name="name3clause5";original="the Apache Software Foundation";match=".+"&gt;&gt; .

THIS SOFTWARE IS PROVIDED ''AS IS'' AND ANY EXPRESSED OR IMPLIED WARRANTIES, INCLUDING, BUT NOT LIMITED TO, THE IMPLIED WARRANTIES OF MERCHANTABILITY AND FITNESS FOR A PARTICULAR PURPOSE ARE DISCLAIMED. IN NO EVENT SHALL &lt;&lt;var;name="copyrightHolderLiability";original="THE APACHE SOFTWARE FOUNDATION OR ITS CONTRIBUTORS";match=".+"&gt;&gt; BE LIABLE FOR ANY DIRECT, INDIRECT, INCIDENTAL, SPECIAL, EXEMPLARY, OR CONSEQUENTIAL DAMAGES (INCLUDING, BUT NOT LIMITED TO, PROCUREMENT OF SUBSTITUTE GOODS OR SERVICES; LOSS OF USE, DATA, OR PROFITS; OR BUSINESS INTERRUPTION) HOWEVER CAUSED AND ON ANY THEORY OF LIABILITY, WHETHER IN CONTRACT, STRICT LIABILITY, OR TORT (INCLUDING NEGLIGENCE OR OTHERWISE) ARISING IN ANY WAY OUT OF THE USE OF THIS SOFTWARE, EVEN IF ADVISED OF THE POSSIBILITY OF SUCH DAMAGE.

&lt;&lt;beginOptional&gt;&gt; This software consists of voluntary contributions made by many individuals on behalf of the Apache Software Foundation. For more information on the Apache Software Foundation, please see http://www.apache.org/. Portions of this software are based upon public domain software originally written at the National Center for Supercomputing Applications, University of Illinois, Urbana-Champaign.&lt;&lt;endOptional&gt;&gt;</StandardLicenseTemplate>
</License>
