<?xml version="1.0" encoding="UTF-8"?>
<License xmlns="spdx:xsd::1.0"
         xmlns:xsi="http://www.w3.org/2001/XMLSchema-instance"
         xmlns:spdx="http://spdx.org/rdf/terms#"
         xmlns:rdf="http://www.w3.org/1999/02/22-rdf-syntax-ns#"
         xsi:schemaLocation="spdx:xsd::1.0 ../../xml/xsd/spdx-ref.xsd">
   <LicenseID>BSD-1-Clause</LicenseID>
   <Comment/>
   <SeeAlso>https://svnweb.freebsd.org/base/head/include/ifaddrs.h?revision=326823</SeeAlso>
   <Name>BSD 1-Clause License</Name>
   <IsDeprecatedLicenseID>false</IsDeprecatedLicenseID>
   <IsOsiApproved>false</IsOsiApproved>
   <IsFsfLibre>false</IsFsfLibre>
   <StandardLicenseHeader/>
   <LicenseText>Copyright (c) &lt;year&gt; &lt;owner&gt; All rights reserved.

Redistribution and use in source and binary forms, with or without modification, are permitted provided that the following conditions are met:

   1. Redistributions of source code must retain the above copyright notice, this list of conditions and the following disclaimer.

THIS SOFTWARE IS PROVIDED BY Berkeley Software Design, Inc. "AS IS" AND ANY EXPRESS OR IMPLIED WARRANTIES, INCLUDING, BUT NOT LIMITED TO, THE IMPLIED WARRANTIES OF MERCHANTABILITY AND FITNESS FOR A PARTICULAR PURPOSE ARE DISCLAIMED. IN NO EVENT SHALL Berkeley Software Design, Inc. BE LIABLE FOR ANY DIRECT, INDIRECT, INCIDENTAL, SPECIAL, EXEMPLARY, OR CONSEQUENTIAL DAMAGES (INCLUDING, BUT NOT LIMITED TO, PROCUREMENT OF SUBSTITUTE GOODS OR SERVICES; LOSS OF USE, DATA, OR PROFITS; OR BUSINESS INTERRUPTION) HOWEVER CAUSED AND ON ANY THEORY OF LIABILITY, WHETHER IN CONTRACT, STRICT LIABILITY, OR TORT (INCLUDING NEGLIGENCE OR OTHERWISE) ARISING IN ANY WAY OUT OF THE USE OF THIS SOFTWARE, EVEN IF ADVISED OF THE POSSIBILITY OF SUCH DAMAGE.</LicenseText>
   <StandardLicenseTemplate>Copyright (c) &lt;&lt;var;name="copyright";original="&lt;year&gt; &lt;owner&gt;";match=".+"&gt;&gt; All rights reserved.

Redistribution and use in source and binary forms, with or without modification, are permitted provided that the following conditions are met:

   &lt;&lt;var;name="bullet";original="1.";match=".{0,20}"&gt;&gt; Redistributions of source code must retain the above copyright notice, this list of conditions and the following disclaimer.

THIS SOFTWARE IS PROVIDED BY &lt;&lt;var;name="copyrightHolderAsIs";original="Berkeley Software Design, Inc.";match=".+"&gt;&gt; "AS IS" AND ANY &lt;&lt;var;name="express";original="EXPRESS";match="EXPRESS(ED)?"&gt;&gt; OR IMPLIED WARRANTIES, INCLUDING, BUT NOT LIMITED TO, THE IMPLIED WARRANTIES OF MERCHANTABILITY AND FITNESS FOR A PARTICULAR PURPOSE ARE DISCLAIMED. IN NO EVENT SHALL &lt;&lt;var;name="copyrightHolderLiability";original="Berkeley Software Design, Inc.";match=".+"&gt;&gt; BE LIABLE FOR ANY DIRECT, INDIRECT, INCIDENTAL, SPECIAL, EXEMPLARY, OR CONSEQUENTIAL DAMAGES (INCLUDING, BUT NOT LIMITED TO, PROCUREMENT OF SUBSTITUTE GOODS OR SERVICES; LOSS OF USE, DATA, OR PROFITS; OR BUSINESS INTERRUPTION) HOWEVER CAUSED AND ON ANY THEORY OF LIABILITY, WHETHER IN CONTRACT, STRICT LIABILITY, OR TORT (INCLUDING NEGLIGENCE OR OTHERWISE) ARISING IN ANY WAY OUT OF THE USE OF THIS SOFTWARE, EVEN IF ADVISED OF THE POSSIBILITY OF SUCH DAMAGE.</StandardLicenseTemplate>
</License>
