<?xml version="1.0" encoding="UTF-8"?>
<License xmlns="spdx:xsd::1.0"
         xmlns:xsi="http://www.w3.org/2001/XMLSchema-instance"
         xmlns:spdx="http://spdx.org/rdf/terms#"
         xmlns:rdf="http://www.w3.org/1999/02/22-rdf-syntax-ns#"
         xsi:schemaLocation="spdx:xsd::1.0 ../../xml/xsd/spdx-ref.xsd">
   <LicenseID>BSD-3-Clause-No-Nuclear-License</LicenseID>
   <Comment>This license has an older Sun copyright notice and is the same license as BSD-3-Clause-No-Nuclear-Warranty, except it specifies that that software is "not licensed" for use in a nuclear facility, as opposed to a disclaimer for such use.</Comment>
   <SeeAlso>http://download.oracle.com/otn-pub/java/licenses/bsd.txt?AuthParam=1467140197_43d516ce1776bd08a58235a7785be1cc</SeeAlso>
   <Name>BSD 3-Clause No Nuclear License</Name>
   <IsDeprecatedLicenseID>false</IsDeprecatedLicenseID>
   <IsOsiApproved>false</IsOsiApproved>
   <IsFsfLibre>false</IsFsfLibre>
   <StandardLicenseHeader/>
   <LicenseText>Copyright 1994-2009 Sun Microsystems, Inc. All Rights Reserved.

Redistribution and use in source and binary forms, with or without modification, are permitted provided that the following conditions are met:

   * Redistribution of source code must retain the above copyright notice, this list of conditions and the following disclaimer.

   * Redistribution in binary form must reproduce the above copyright notice, this list of conditions and the following disclaimer in the documentation and/or other materials provided with the distribution.

   * Neither the name of Sun Microsystems, Inc. or the names of contributors may be used to endorse or promote products derived from this software without specific prior written permission.

This software is provided "AS IS," without a warranty of any kind. ALL EXPRESS OR IMPLIED CONDITIONS, REPRESENTATIONS AND WARRANTIES, INCLUDING ANY IMPLIED WARRANTY OF MERCHANTABILITY, FITNESS FOR A PARTICULAR PURPOSE OR NON-INFRINGEMENT, ARE HEREBY EXCLUDED. SUN MICROSYSTEMS, INC. ("SUN") AND ITS LICENSORS SHALL NOT BE LIABLE FOR ANY DAMAGES SUFFERED BY LICENSEE AS A RESULT OF USING, MODIFYING OR DISTRIBUTING THIS SOFTWARE OR ITS DERIVATIVES. IN NO EVENT WILL SUN OR ITS LICENSORS BE LIABLE FOR ANY LOST REVENUE, PROFIT OR DATA, OR FOR DIRECT, INDIRECT, SPECIAL, CONSEQUENTIAL, INCIDENTAL OR PUNITIVE DAMAGES, HOWEVER CAUSED AND REGARDLESS OF THE THEORY OF LIABILITY, ARISING OUT OF THE USE OF OR INABILITY TO USE THIS SOFTWARE, EVEN IF SUN HAS BEEN ADVISED OF THE POSSIBILITY OF SUCH DAMAGES.

You acknowledge that this software is not designed, licensed or intended for use in the design, construction, operation or maintenance of any nuclear facility.</LicenseText>
   <StandardLicenseTemplate>Copyright 1994-2009 Sun Microsystems, Inc. All Rights Reserved.

Redistribution and use in source and binary forms, with or without modification, are permitted provided that the following conditions are met:

   &lt;&lt;var;name="bullet";original="*";match=".{0,20}"&gt;&gt; Redistribution of source code must retain the above copyright notice, this list of conditions and the following disclaimer.

   &lt;&lt;var;name="bullet";original="*";match=".{0,20}"&gt;&gt; Redistribution in binary form must reproduce the above copyright notice, this list of conditions and the following disclaimer in the documentation and/or other materials provided with the distribution.

   &lt;&lt;var;name="bullet";original="*";match=".{0,20}"&gt;&gt; Neither the name of Sun Microsystems, Inc. or the names of contributors may be used to endorse or promote products derived from this software without specific prior written permission.

This software is provided "AS IS," without a warranty of any kind. ALL EXPRESS OR IMPLIED CONDITIONS, REPRESENTATIONS AND WARRANTIES, INCLUDING ANY IMPLIED WARRANTY OF MERCHANTABILITY, FITNESS FOR A PARTICULAR PURPOSE OR NON-INFRINGEMENT, ARE HEREBY EXCLUDED. SUN MICROSYSTEMS, INC. ("SUN") AND ITS LICENSORS SHALL NOT BE LIABLE FOR ANY DAMAGES SUFFERED BY LICENSEE AS A RESULT OF USING, MODIFYING OR DISTRIBUTING THIS SOFTWARE OR ITS DERIVATIVES. IN NO EVENT WILL SUN OR ITS LICENSORS BE LIABLE FOR ANY LOST REVENUE, PROFIT OR DATA, OR FOR DIRECT, INDIRECT, SPECIAL, CONSEQUENTIAL, INCIDENTAL OR PUNITIVE DAMAGES, HOWEVER CAUSED AND REGARDLESS OF THE THEORY OF LIABILITY, ARISING OUT OF THE USE OF OR INABILITY TO USE THIS SOFTWARE, EVEN IF SUN HAS BEEN ADVISED OF THE POSSIBILITY OF SUCH DAMAGES.

You acknowledge that this software is not designed, licensed or intended for use in the design, construction, operation or maintenance of any nuclear facility.</StandardLicenseTemplate>
</License>
