<?xml version="1.0" encoding="UTF-8"?>
<License xmlns="spdx:xsd::1.0"
         xmlns:xsi="http://www.w3.org/2001/XMLSchema-instance"
         xmlns:spdx="http://spdx.org/rdf/terms#"
         xmlns:rdf="http://www.w3.org/1999/02/22-rdf-syntax-ns#"
         xsi:schemaLocation="spdx:xsd::1.0 ../../xml/xsd/spdx-ref.xsd">
   <LicenseID>Cube</LicenseID>
   <Comment/>
   <SeeAlso>https://fedoraproject.org/wiki/Licensing/Cube</SeeAlso>
   <Name>Cube License</Name>
   <IsDeprecatedLicenseID>false</IsDeprecatedLicenseID>
   <IsOsiApproved>false</IsOsiApproved>
   <IsFsfLibre>false</IsFsfLibre>
   <StandardLicenseHeader/>
   <LicenseText>Cube game engine source code, 20 dec 2003 release.

Copyright (C) 2001-2003 Wouter van Oortmerssen.

This software is provided 'as-is', without any express or implied warranty. In no event will the authors be held liable for any damages arising from the use of this software.

Permission is granted to anyone to use this software for any purpose, including commercial applications, and to alter it and redistribute it freely, subject to the following restrictions:

   1. The origin of this software must not be misrepresented; you must not claim that you wrote the original software. If you use this software in a product, an acknowledgment in the product documentation would be appreciated but is not required.

   2. Altered source versions must be plainly marked as such, and must not be misrepresented as being the original software.

   3. This notice may not be removed or altered from any source distribution.

additional clause specific to Cube:

   4. Source versions may not be "relicensed" under a different license without my explicitly written permission.</LicenseText>
   <StandardLicenseTemplate>&lt;&lt;beginOptional&gt;&gt; Cube game engine source code, 20 dec 2003 release.&lt;&lt;endOptional&gt;&gt;

Copyright (C) 2001-2003 Wouter van Oortmerssen.

This software is provided 'as-is', without any express or implied warranty. In no event will the authors be held liable for any damages arising from the use of this software.

Permission is granted to anyone to use this software for any purpose, including commercial applications, and to alter it and redistribute it freely, subject to the following restrictions:

   &lt;&lt;var;name="bullet";original="1.";match=".{0,20}"&gt;&gt; The origin of this software must not be misrepresented; you must not claim that you wrote the original software. If you use this software in a product, an acknowledgment in the product documentation would be appreciated but is not required.

   &lt;&lt;var;name="bullet";original="2.";match=".{0,20}"&gt;&gt; Altered source versions must be plainly marked as such, and must not be misrepresented as being the original software.

   &lt;&lt;var;name="bullet";original="3.";match=".{0,20}"&gt;&gt; This notice may not be removed or altered from any source distribution.

additional clause specific to Cube:

   &lt;&lt;var;name="bullet";original="4.";match=".{0,20}"&gt;&gt; Source versions may not be "relicensed" under a different license without my explicitly written permission.</StandardLicenseTemplate>
</License>
