<?xml version="1.0" encoding="UTF-8"?>
<License xmlns="spdx:xsd::1.0"
         xmlns:xsi="http://www.w3.org/2001/XMLSchema-instance"
         xmlns:spdx="http://spdx.org/rdf/terms#"
         xmlns:rdf="http://www.w3.org/1999/02/22-rdf-syntax-ns#"
         xsi:schemaLocation="spdx:xsd::1.0 ../../xml/xsd/spdx-ref.xsd">
   <StandardLicenseTemplate>

   &lt;&lt;var;name="bullet";original="1.";match=".{0,20}"&gt;&gt; you can do what you want with it

   &lt;&lt;var;name="bullet";original="2.";match=".{0,20}"&gt;&gt; I refuse any responsibility for the consequences</StandardLicenseTemplate>
   <LicenseText>

   1. you can do what you want with it

   2. I refuse any responsibility for the consequences</LicenseText>
   <LicenseId>diffmark</LicenseId>
   <Name>diffmark license</Name>
   <SeeAlso>https://fedoraproject.org/wiki/Licensing/diffmark</SeeAlso>
</License>
