<?xml version="1.0" encoding="UTF-8"?>
<License xmlns="spdx:xsd::1.0"
         xmlns:xsi="http://www.w3.org/2001/XMLSchema-instance"
         xmlns:spdx="http://spdx.org/rdf/terms#"
         xmlns:rdf="http://www.w3.org/1999/02/22-rdf-syntax-ns#"
         xsi:schemaLocation="spdx:xsd::1.0 ../../xml/xsd/spdx-ref.xsd">
   <StandardLicenseTemplate>Copyright (C) 1995 by Donald Arseneau

This file may be freely transmitted and reproduced, but it may not be changed unless the name is changed also (except that you may freely change the paper-size option for \documentclass).

This notice must be left intact.</StandardLicenseTemplate>
   <LicenseText>Copyright (C) 1995 by Donald Arseneau

This file may be freely transmitted and reproduced, but it may not be changed unless the name is changed also (except that you may freely change the paper-size option for \documentclass).

This notice must be left intact.</LicenseText>
   <LicenseId>Dotseqn</LicenseId>
   <Name>Dotseqn License</Name>
   <SeeAlso>https://fedoraproject.org/wiki/Licensing/Dotseqn</SeeAlso>
</License>
