<?xml version="1.0" encoding="UTF-8"?>
<License xmlns="spdx:xsd::1.0"
         xmlns:xsi="http://www.w3.org/2001/XMLSchema-instance"
         xmlns:spdx="http://spdx.org/rdf/terms#"
         xmlns:rdf="http://www.w3.org/1999/02/22-rdf-syntax-ns#"
         xsi:schemaLocation="spdx:xsd::1.0 ../../xml/xsd/spdx-ref.xsd">
   <LicenseID>EFL-1.0</LicenseID>
   <Comment>This license has been superseded by v2.0</Comment>
   <SeeAlso>http://opensource.org/licenses/EFL-1.0</SeeAlso>
   <SeeAlso>http://www.eiffel-nice.org/license/forum.txt</SeeAlso>
   <Name>Eiffel Forum License v1.0</Name>
   <IsDeprecatedLicenseID>false</IsDeprecatedLicenseID>
   <IsOsiApproved>true</IsOsiApproved>
   <IsFsfLibre>false</IsFsfLibre>
   <StandardLicenseHeader/>
   <LicenseText>Eiffel Forum License, version 1

Permission is hereby granted to use, copy, modify and/or distribute this package, provided that:

   - copyright notices are retained unchanged

   - any distribution of this package, whether modified or not, includes this file

Permission is hereby also granted to distribute binary programs which depend on this package, provided that:

   - if the binary program depends on a modified version of this package, you must publicly release the modified version of this package

THIS PACKAGE IS PROVIDED "AS IS" AND WITHOUT WARRANTY. ANY EXPRESS OR IMPLIED WARRANTIES, INCLUDING, BUT NOT LIMITED TO, THE IMPLIED WARRANTIES OF MERCHANTABILITY AND FITNESS FOR A PARTICULAR PURPOSE ARE DISCLAIMED. IN NO EVENT SHALL THE AUTHORS BE LIABLE TO ANY PARTY FOR ANY DIRECT, INDIRECT, INCIDENTAL, SPECIAL, EXEMPLARY, OR CONSEQUENTIAL DAMAGES ARISING IN ANY WAY OUT OF THE USE OF THIS PACKAGE.</LicenseText>
   <StandardLicenseTemplate>&lt;&lt;beginOptional&gt;&gt; Eiffel Forum License, version 1&lt;&lt;endOptional&gt;&gt;

Permission is hereby granted to use, copy, modify and/or distribute this package, provided that:

   &lt;&lt;var;name="bullet";original="-";match=".{0,20}"&gt;&gt; copyright notices are retained unchanged

   &lt;&lt;var;name="bullet";original="-";match=".{0,20}"&gt;&gt; any distribution of this package, whether modified or not, includes this file

Permission is hereby also granted to distribute binary programs which depend on this package, provided that:

   &lt;&lt;var;name="bullet";original="-";match=".{0,20}"&gt;&gt; if the binary program depends on a modified version of this package, you must publicly release the modified version of this package

THIS PACKAGE IS PROVIDED "AS IS" AND WITHOUT WARRANTY. ANY EXPRESS OR IMPLIED WARRANTIES, INCLUDING, BUT NOT LIMITED TO, THE IMPLIED WARRANTIES OF MERCHANTABILITY AND FITNESS FOR A PARTICULAR PURPOSE ARE DISCLAIMED. IN NO EVENT SHALL THE AUTHORS BE LIABLE TO ANY PARTY FOR ANY DIRECT, INDIRECT, INCIDENTAL, SPECIAL, EXEMPLARY, OR CONSEQUENTIAL DAMAGES ARISING IN ANY WAY OUT OF THE USE OF THIS PACKAGE.</StandardLicenseTemplate>
</License>
