<?xml version="1.0" encoding="UTF-8"?>
<License xmlns="spdx:xsd::1.0"
         xmlns:xsi="http://www.w3.org/2001/XMLSchema-instance"
         xmlns:spdx="http://spdx.org/rdf/terms#"
         xmlns:rdf="http://www.w3.org/1999/02/22-rdf-syntax-ns#"
         xsi:schemaLocation="spdx:xsd::1.0 ../../xml/xsd/spdx-ref.xsd">
   <LicenseID>FSFUL</LicenseID>
   <Comment/>
   <SeeAlso>https://fedoraproject.org/wiki/Licensing/FSF_Unlimited_License</SeeAlso>
   <Name>FSF Unlimited License</Name>
   <IsDeprecatedLicenseID>false</IsDeprecatedLicenseID>
   <IsOsiApproved>false</IsOsiApproved>
   <IsFsfLibre>false</IsFsfLibre>
   <StandardLicenseHeader/>
   <LicenseText>Copyright (C) 1992-1996, 1998-2012 Free Software Foundation, Inc.

This configure script is free software; the Free Software Foundation gives unlimited permission to copy, distribute and modify it.</LicenseText>
   <StandardLicenseTemplate>Copyright (C) 1992-1996, 1998-2012 Free Software Foundation, Inc.

This configure script is free software; the Free Software Foundation gives unlimited permission to copy, distribute and modify it.</StandardLicenseTemplate>
</License>
