<?xml version="1.0" encoding="UTF-8"?>
<License xmlns="spdx:xsd::1.0"
         xmlns:xsi="http://www.w3.org/2001/XMLSchema-instance"
         xmlns:spdx="http://spdx.org/rdf/terms#"
         xmlns:rdf="http://www.w3.org/1999/02/22-rdf-syntax-ns#"
         xsi:schemaLocation="spdx:xsd::1.0 ../../xml/xsd/spdx-ref.xsd">
   <LicenseID>Glulxe</LicenseID>
   <Comment/>
   <SeeAlso>https://fedoraproject.org/wiki/Licensing/Glulxe</SeeAlso>
   <Name>Glulxe License</Name>
   <IsDeprecatedLicenseID>false</IsDeprecatedLicenseID>
   <IsOsiApproved>false</IsOsiApproved>
   <IsFsfLibre>false</IsFsfLibre>
   <StandardLicenseHeader/>
   <LicenseText>The source code in this package is copyright 1999-2010 by Andrew Plotkin.

You may copy and distribute it freely, by any means and under any conditions, as long as the code and documentation is not changed. You may also incorporate this code into your own program and distribute that, or modify this code and use and distribute the modified version, as long as you retain a notice in your program or documentation which mentions my name and the URL shown above.</LicenseText>
   <StandardLicenseTemplate>The source code in this package is copyright 1999-2010 by Andrew Plotkin.

You may copy and distribute it freely, by any means and under any conditions, as long as the code and documentation is not changed. You may also incorporate this code into your own program and distribute that, or modify this code and use and distribute the modified version, as long as you retain a notice in your program or documentation which mentions my name and the URL shown above.</StandardLicenseTemplate>
</License>
