<?xml version="1.0" encoding="UTF-8"?>
<License xmlns="spdx:xsd::1.0"
         xmlns:xsi="http://www.w3.org/2001/XMLSchema-instance"
         xmlns:spdx="http://spdx.org/rdf/terms#"
         xmlns:rdf="http://www.w3.org/1999/02/22-rdf-syntax-ns#"
         xsi:schemaLocation="spdx:xsd::1.0 ../../xml/xsd/spdx-ref.xsd">
   <StandardLicenseTemplate>&lt;&lt;beginOptional&gt;&gt; Historical Permission Notice and Disclaimer&lt;&lt;endOptional&gt;&gt;

&lt;copyright notice&gt;

Permission to use, copy, modify and distribute this software and its documentation for any purpose and without fee is hereby granted, provided that the above copyright notice appear in all copies&lt;&lt;beginOptional&gt;&gt; ,&lt;&lt;endOptional&gt;&gt;&lt;&lt;beginOptional&gt;&gt; and&lt;&lt;endOptional&gt;&gt; that both&lt;&lt;beginOptional&gt;&gt; that&lt;&lt;endOptional&gt;&gt;&lt;&lt;beginOptional&gt;&gt; the&lt;&lt;endOptional&gt;&gt; copyright notice and this permission notice appear in supporting documentation&lt;&lt;beginOptional&gt;&gt; , and that the name&lt;&lt;beginOptional&gt;&gt; of&lt;&lt;endOptional&gt;&gt; &lt;&lt;var;name="copyrightHolder0";original="&lt;copyright holder&gt;";match=".*"&gt;&gt; &lt;&lt;var;name="orRelated";original="&lt;or related entities&gt;";match=".*"&gt;&gt; not be used in advertising or publicity pertaining to distribution of the software without specific, written prior permission&lt;&lt;endOptional&gt;&gt; .&lt;&lt;beginOptional&gt;&gt; &lt;&lt;var;name="copyrightHolder1";original="&lt;copyright holder&gt;";match=".*"&gt;&gt; makes no representations about the suitability of this software for any purpose. It is provided "as is" without express or implied warranty.&lt;&lt;endOptional&gt;&gt;&lt;&lt;beginOptional&gt;&gt; &lt;&lt;var;name="copyrightHolder2";original="&lt;copyright holder&gt;";match=".*"&gt;&gt; DISCLAIMS ALL WARRANTIES WITH REGARD TO THIS SOFTWARE, INCLUDING ALL IMPLIED WARRANTIES OF MERCHANTABILITY AND FITNESS &lt;&lt;var;name="period";original=".";match="[.,]?"&gt;&gt; IN NO EVENT SHALL &lt;&lt;var;name="copyrightHolder3";original="&lt;copyright holder&gt;";match=".*"&gt;&gt; BE LIABLE FOR ANY SPECIAL, INDIRECT OR CONSEQUENTIAL DAMAGES OR ANY DAMAGES WHATSOEVER RESULTING FROM LOSS OF USE, DATA OR PROFITS, WHETHER IN AN ACTION OF CONTRACT, NEGLIGENCE OR OTHER TORTIOUS ACTION, ARISING OUT OF OR IN CONNECTION WITH THE USE OR PERFORMANCE OF THIS SOFTWARE.&lt;&lt;endOptional&gt;&gt;</StandardLicenseTemplate>
   <LicenseText>Historical Permission Notice and Disclaimer

&lt;copyright notice&gt;

Permission to use, copy, modify and distribute this software and its documentation for any purpose and without fee is hereby granted, provided that the above copyright notice appear in all copies , and that both that the copyright notice and this permission notice appear in supporting documentation , and that the name of &lt;copyright holder&gt; &lt;or related entities&gt; not be used in advertising or publicity pertaining to distribution of the software without specific, written prior permission . &lt;copyright holder&gt; makes no representations about the suitability of this software for any purpose. It is provided "as is" without express or implied warranty. &lt;copyright holder&gt; DISCLAIMS ALL WARRANTIES WITH REGARD TO THIS SOFTWARE, INCLUDING ALL IMPLIED WARRANTIES OF MERCHANTABILITY AND FITNESS . IN NO EVENT SHALL &lt;copyright holder&gt; BE LIABLE FOR ANY SPECIAL, INDIRECT OR CONSEQUENTIAL DAMAGES OR ANY DAMAGES WHATSOEVER RESULTING FROM LOSS OF USE, DATA OR PROFITS, WHETHER IN AN ACTION OF CONTRACT, NEGLIGENCE OR OTHER TORTIOUS ACTION, ARISING OUT OF OR IN CONNECTION WITH THE USE OR PERFORMANCE OF THIS SOFTWARE.</LicenseText>
   <IsOsiApproved>true</IsOsiApproved>
   <IsFsfLibre>true</IsFsfLibre>
   <LicenseId>HPND</LicenseId>
   <Name>Historical Permission Notice and Disclaimer</Name>
   <SeeAlso>http://www.opensource.org/licenses/HPND</SeeAlso>
   <Comment>This license has been voluntarily deprecated by its author. Per the copy of this license at http://www.opensource.org/licenses/HPND Explanation: * Angle brackets hold "fields", e.g. &lt;copyright holder&gt;. * Square brackets hold optional text, e.g. [or &lt;related entities&gt;]. * A license can have variations in capitalization and whitespace, and still be considered an instance of this template. It may be possible to construct a grammatically incorrect license from this template, or one that lacks a disclaimer, or one that includes a double-disclaimer. That is acceptable, as long as it remains impossible to construct a non-OSD-compliant license that matches the pattern.</Comment>
</License>
