<?xml version="1.0" encoding="UTF-8"?>
<License xmlns="spdx:xsd::1.0"
         xmlns:xsi="http://www.w3.org/2001/XMLSchema-instance"
         xmlns:spdx="http://spdx.org/rdf/terms#"
         xmlns:rdf="http://www.w3.org/1999/02/22-rdf-syntax-ns#"
         xsi:schemaLocation="spdx:xsd::1.0 ../../xml/xsd/spdx-ref.xsd">
   <LicenseID>iMatix</LicenseID>
   <Comment/>
   <SeeAlso>http://legacy.imatix.com/html/sfl/sfl4.htm#license</SeeAlso>
   <Name>iMatix Standard Function Library Agreement</Name>
   <IsDeprecatedLicenseID>false</IsDeprecatedLicenseID>
   <IsOsiApproved>false</IsOsiApproved>
   <IsFsfLibre>true</IsFsfLibre>
   <StandardLicenseHeader/>
   <LicenseText>The SFL License Agreement

This license agreement covers your use of the iMatix STANDARD FUNCTION LIBRARY (SFL), its source code, documentation, and executable files, hereinafter referred to as "the Product".

The Product is Copyright (c) 1991-2000 iMatix Corporation. You may use it and distribute it according to this following License Agreement. If you do not agree with these terms, please remove the Product from your system. By incorporating the Product in your work or distributing the Product to others you implicitly agree to these license terms.

Statement Of Copyright

The Product is, and remains, Copyright © 1991-2000 iMatix Corporation, with exception of specific copyrights as noted in the individual source files.

Conditions Of Use

   You do not need to provide the source code for the Product as part of your product. However, you must do one of these things to comply with the Product License Agreement:

      1. Provide the source code for Product modules that you use, or

      2. Make your product freely available according to a license similar to the GNU General Public License, or the Perl Artistic License, or

      3. Add this phrase to the documentation for your product: "This product uses parts of the iMatix SFL, Copyright © 1991-2000 iMatix Corporation &lt;http://www.imatix.com&gt;".

Rights Of Usage

   You may freely and at no cost use the Product in any project, commercial, academic, military, or private, so long as you respect the License Agreement. The License Agreement does not affect any software except the Product. In particular, any application that uses the Product does not itself fall under the License Agreement.

   You may modify any part of the Product, including sources and documentation, except this License Agreement, which you may not modify.

   You must clearly indicate any modifications at the start of each source file. The user of any modified Product code must know that the source file is not original.

   

   At your discretion, you may rewrite or reuse any part of the Product so that your derived code is not obviously part of the Product. This derived code does not fall under the Product License Agreement directly, but you must include a credit at the start of each source file indicating the original authorship and source of the code, and a statement of copyright as follows:

   "Parts copyright (c) 1991-2000 iMatix Corporation."

Rights Of Distribution

   You may freely distribute the Product, or any subset of the Product, by any means. The License, in the form of the file called "LICENSE.TXT" must accompany any such distribution.

   You may charge a fee for distributing the Product, for providing a warranty on the Product, for making modifications to the Product, or for any other service provided in relation to the Product. You are not required to ask our permission for any of these activities.

   At no time will iMatix associate itself with any distribution of the Product except that supplied from the Internet site http://www.imatix.com.

Disclaimer Of Warranty

   The Product is provided as free software, in the hope that it will be useful. It is provided "as-is", without warranty of any kind, either expressed or implied, including, but not limited to, the implied warranties of merchantability and fitness for a particular purpose. The entire risk as to the quality and performance of the Product is with you. Should the Product prove defective, the full cost of repair, servicing, or correction lies with you.</LicenseText>
   <StandardLicenseTemplate>&lt;&lt;beginOptional&gt;&gt; The SFL License Agreement&lt;&lt;endOptional&gt;&gt;

This license agreement covers your use of the iMatix STANDARD FUNCTION LIBRARY (SFL), its source code, documentation, and executable files, hereinafter referred to as "the Product".

The Product is Copyright (c) 1991-2000 iMatix Corporation. You may use it and distribute it according to this following License Agreement. If you do not agree with these terms, please remove the Product from your system. By incorporating the Product in your work or distributing the Product to others you implicitly agree to these license terms.

Statement Of Copyright

The Product is, and remains, Copyright © 1991-2000 iMatix Corporation, with exception of specific copyrights as noted in the individual source files.

Conditions Of Use

   You do not need to provide the source code for the Product as part of your product. However, you must do one of these things to comply with the Product License Agreement:

      &lt;&lt;var;name="bullet";original="1.";match=".{0,20}"&gt;&gt; Provide the source code for Product modules that you use, or

      &lt;&lt;var;name="bullet";original="2.";match=".{0,20}"&gt;&gt; Make your product freely available according to a license similar to the GNU General Public License, or the Perl Artistic License, or

      &lt;&lt;var;name="bullet";original="3.";match=".{0,20}"&gt;&gt; Add this phrase to the documentation for your product: "This product uses parts of the iMatix SFL, Copyright © 1991-2000 iMatix Corporation &lt;http://www.imatix.com&gt;".

Rights Of Usage

   You may freely and at no cost use the Product in any project, commercial, academic, military, or private, so long as you respect the License Agreement. The License Agreement does not affect any software except the Product. In particular, any application that uses the Product does not itself fall under the License Agreement.

   You may modify any part of the Product, including sources and documentation, except this License Agreement, which you may not modify.

   You must clearly indicate any modifications at the start of each source file. The user of any modified Product code must know that the source file is not original.

   

   At your discretion, you may rewrite or reuse any part of the Product so that your derived code is not obviously part of the Product. This derived code does not fall under the Product License Agreement directly, but you must include a credit at the start of each source file indicating the original authorship and source of the code, and a statement of copyright as follows:

   "Parts copyright (c) 1991-2000 iMatix Corporation."

Rights Of Distribution

   You may freely distribute the Product, or any subset of the Product, by any means. The License, in the form of the file called "LICENSE.TXT" must accompany any such distribution.

   You may charge a fee for distributing the Product, for providing a warranty on the Product, for making modifications to the Product, or for any other service provided in relation to the Product. You are not required to ask our permission for any of these activities.

   At no time will iMatix associate itself with any distribution of the Product except that supplied from the Internet site http://www.imatix.com.

Disclaimer Of Warranty

   The Product is provided as free software, in the hope that it will be useful. It is provided "as-is", without warranty of any kind, either expressed or implied, including, but not limited to, the implied warranties of merchantability and fitness for a particular purpose. The entire risk as to the quality and performance of the Product is with you. Should the Product prove defective, the full cost of repair, servicing, or correction lies with you.</StandardLicenseTemplate>
</License>
