<?xml version="1.0" encoding="UTF-8"?>
<License xmlns="spdx:xsd::1.0"
         xmlns:xsi="http://www.w3.org/2001/XMLSchema-instance"
         xmlns:spdx="http://spdx.org/rdf/terms#"
         xmlns:rdf="http://www.w3.org/1999/02/22-rdf-syntax-ns#"
         xsi:schemaLocation="spdx:xsd::1.0 ../../xml/xsd/spdx-ref.xsd">
   <StandardLicenseTemplate>Copyright (C) 2007, 2008, 2009, 2010 Karl Berry.

Copyright (C) 1988, 1994, 2007 Stephen Gilmore.

Copyright (C) 1994, 1995, 1996 Torsten Martinsen.

Permission is granted to make and distribute verbatim copies of this manual provided the copyright notice and this permission notice are preserved on all copies.

Permission is granted to copy and distribute modified versions of this manual under the conditions for verbatim copying, provided that the entire resulting derived work is distributed under the terms of a permission notice identical to this one.

Permission is granted to copy and distribute translations of this manual into another language, under the above conditions for modified versions.</StandardLicenseTemplate>
   <LicenseText>Copyright (C) 2007, 2008, 2009, 2010 Karl Berry.

Copyright (C) 1988, 1994, 2007 Stephen Gilmore.

Copyright (C) 1994, 1995, 1996 Torsten Martinsen.

Permission is granted to make and distribute verbatim copies of this manual provided the copyright notice and this permission notice are preserved on all copies.

Permission is granted to copy and distribute modified versions of this manual under the conditions for verbatim copying, provided that the entire resulting derived work is distributed under the terms of a permission notice identical to this one.

Permission is granted to copy and distribute translations of this manual into another language, under the above conditions for modified versions.</LicenseText>
   <LicenseId>Latex2e</LicenseId>
   <Name>Latex2e License</Name>
   <SeeAlso>https://fedoraproject.org/wiki/Licensing/Latex2e</SeeAlso>
</License>
