<?xml version="1.0" encoding="UTF-8"?>
<License xmlns="spdx:xsd::1.0"
         xmlns:xsi="http://www.w3.org/2001/XMLSchema-instance"
         xmlns:spdx="http://spdx.org/rdf/terms#"
         xmlns:rdf="http://www.w3.org/1999/02/22-rdf-syntax-ns#"
         xsi:schemaLocation="spdx:xsd::1.0 ../../xml/xsd/spdx-ref.xsd">
   <LicenseID>Linux-OpenIB</LicenseID>
   <Comment>This license is BSD-2-Clause with the MIT disclaimer. The linux kernel uses this license extensively throughout the driver subsystem since 2005. Note that the OpenIB.org license is a true match to BSD-2-Clause.</Comment>
   <SeeAlso>https://git.kernel.org/pub/scm/linux/kernel/git/torvalds/linux.git/tree/drivers/infiniband/core/sa.h</SeeAlso>
   <Name>Linux Kernel Variant of OpenIB.org license</Name>
   <IsDeprecatedLicenseID>false</IsDeprecatedLicenseID>
   <IsOsiApproved>false</IsOsiApproved>
   <IsFsfLibre>false</IsFsfLibre>
   <StandardLicenseHeader/>
   <LicenseText>Redistribution and use in source and binary forms, with or without modification, are permitted provided that the following conditions are met:

   - Redistributions of source code must retain the above copyright notice, this list of conditions and the following disclaimer.

   - Redistributions in binary form must reproduce the above copyright notice, this list of conditions and the following disclaimer in the documentation and/or other materials provided with the distribution.

THE SOFTWARE IS PROVIDED "AS IS", WITHOUT WARRANTY OF ANY KIND, EXPRESS OR IMPLIED, INCLUDING BUT NOT LIMITED TO THE WARRANTIES OF MERCHANTABILITY, FITNESS FOR A PARTICULAR PURPOSE AND NONINFRINGEMENT. IN NO EVENT SHALL THE AUTHORS OR COPYRIGHT HOLDERS BE LIABLE FOR ANY CLAIM, DAMAGES OR OTHER LIABILITY, WHETHER IN AN ACTION OF CONTRACT, TORT OR OTHERWISE, ARISING FROM, OUT OF OR IN CONNECTION WITH THE SOFTWARE OR THE USE OR OTHER DEALINGS IN THE SOFTWARE.</LicenseText>
   <StandardLicenseTemplate>Redistribution and use in source and binary forms, with or without modification, are permitted provided that the following conditions are met:

   &lt;&lt;var;name="bullet";original="-";match=".{0,20}"&gt;&gt; Redistributions of source code must retain the above copyright notice, this list of conditions and the following disclaimer.

   &lt;&lt;var;name="bullet";original="-";match=".{0,20}"&gt;&gt; Redistributions in binary form must reproduce the above copyright notice, this list of conditions and the following disclaimer in the documentation and/or other materials provided with the distribution.

THE SOFTWARE IS PROVIDED "AS IS", WITHOUT WARRANTY OF ANY KIND, EXPRESS OR IMPLIED, INCLUDING BUT NOT LIMITED TO THE WARRANTIES OF MERCHANTABILITY, FITNESS FOR A PARTICULAR PURPOSE AND NONINFRINGEMENT. IN NO EVENT SHALL THE AUTHORS OR COPYRIGHT HOLDERS BE LIABLE FOR ANY CLAIM, DAMAGES OR OTHER LIABILITY, WHETHER IN AN ACTION OF CONTRACT, TORT OR OTHERWISE, ARISING FROM, OUT OF OR IN CONNECTION WITH THE SOFTWARE OR THE USE OR OTHER DEALINGS IN THE SOFTWARE.</StandardLicenseTemplate>
</License>
