<?xml version="1.0" encoding="UTF-8"?>
<License xmlns="spdx:xsd::1.0"
         xmlns:xsi="http://www.w3.org/2001/XMLSchema-instance"
         xmlns:spdx="http://spdx.org/rdf/terms#"
         xmlns:rdf="http://www.w3.org/1999/02/22-rdf-syntax-ns#"
         xsi:schemaLocation="spdx:xsd::1.0 ../../xml/xsd/spdx-ref.xsd">
   <LicenseID>OLDAP-1.3</LicenseID>
   <Comment>This license was released 17 January 1999. This license was issued twice in the same day with a minor correction. This is the corrected (second) version.</Comment>
   <SeeAlso>http://www.openldap.org/devel/gitweb.cgi?p=openldap.git;a=blob;f=LICENSE;hb=e5f8117f0ce088d0bd7a8e18ddf37eaa40eb09b1</SeeAlso>
   <Name>Open LDAP Public License v1.3</Name>
   <IsDeprecatedLicenseID>false</IsDeprecatedLicenseID>
   <IsOsiApproved>false</IsOsiApproved>
   <IsFsfLibre>false</IsFsfLibre>
   <StandardLicenseHeader/>
   <LicenseText>The OpenLDAP Public License

Version 1.3, 17 January 1999

Copyright 1998-1999, The OpenLDAP Foundation. All Rights Reserved. Note: This license is derived from the "Artistic License" as distributed with the Perl Programming Language. As significant differences exist, the complete license should be read.

PREAMBLE

The intent of this document is to state the conditions under which a Package may be copied, such that the Copyright Holder maintains some semblance of artistic control over the development of the package, while giving the users of the package the right to use and distribute the Package in a more-or-less customary fashion, plus the right to make reasonable modifications.

Definitions:

"Package" refers to the collection of files distributed by the Copyright Holder, and derivatives of that collection of files created through textual modification.

"Standard Version" refers to such a Package if it has not been modified, or has been modified in accordance with the wishes of the Copyright Holder.

"Copyright Holder" is whoever is named in the copyright or copyrights for the package.

"You" is you, if you're thinking about copying or distributing this Package.

"Reasonable copying fee" is whatever you can justify on the basis of media cost, duplication charges, time of people involved, and so on. (You will not be required to justify it to the Copyright Holder, but only to the computing community at large as a market that must bear the fee.)

"Freely Available" means that no fee is charged for the item itself, though there may be fees involved in handling the item. It also means that recipients of the item may redistribute it under the same conditions they received it.

   1. You may make and give away verbatim copies of the source form of the Standard Version of this Package without restriction, provided that you duplicate all of the original copyright notices and associated disclaimers.

   2. You may apply bug fixes, portability fixes and other modifications derived from the Public Domain or from the Copyright Holder. A Package modified in such a way shall still be considered the Standard Version.

   3. You may otherwise modify your copy of this Package in any way, provided that you insert a prominent notice in each changed file stating how and when you changed that file, and provided that you do at least ONE of the following:

      a) place your modifications in the Public Domain or otherwise make them Freely Available, such as by posting said modifications to Usenet or an equivalent medium, or placing the modifications on a major archive site such as uunet.uu.net, or by allowing the Copyright Holder to include your modifications in the Standard Version of the Package.

      b) use the modified Package only within your corporation or organization.

      c) rename any non-standard executables so the names do not conflict with standard executables, which must also be provided, and provide a separate manual page for each non-standard executable that clearly documents how it differs from the Standard Version.

      d) make other distribution arrangements with the Copyright Holder.

   4. You may distribute the programs of this Package in object code or executable form, provided that you do at least ONE of the following:

      a) distribute a Standard Version of the executables and library files, together with instructions (in the manual page or equivalent) on where to get the Standard Version.

      b) accompany the distribution with the machine-readable source of the Package with your modifications.

      c) accompany any non-standard executables with their corresponding Standard Version executables, giving the non-standard executables non-standard names, and clearly documenting the differences in manual pages (or equivalent), together with instructions on where to get the Standard Version.

      d) make other distribution arrangements with the Copyright Holder.

   5. You may charge a reasonable copying fee for any distribution of this Package. You may charge any fee you choose for support of this Package. You may not charge a fee for this Package itself. However, you may distribute this Package in aggregate with other (possibly commercial) programs as part of a larger (possibly commercial) software distribution provided that you do not advertise this Package as a product of your own.

   6. The scripts and library files supplied as input to or produced as output from the programs of this Package do not automatically fall under the copyright of this Package, but belong to whomever generated them, and may be sold commercially, and may be aggregated with this Package.

   7. C subroutines supplied by you and linked into this Package in order to emulate subroutines and variables defined by this Package shall not be considered part of this Package, but are the equivalent of input as in Paragraph 6, provided these subroutines do not change the behavior of the Package in any way that would cause it to fail the regression tests for the Package.

   8. Software supplied by you and linked with this Package in order to use subroutines and variables defined by this Package shall not be considered part of this Package and do not automatically fall under the copyright of this Package, and the executables produced by linking your software with this Package may be used and redistributed without restriction and may be sold commercially.

   9. The name of the Copyright Holder may not be used to endorse or promote products derived from this software without specific prior written permission.

   10. THIS PACKAGE IS PROVIDED "AS IS" AND WITHOUT ANY EXPRESS OR IMPLIED WARRANTIES, INCLUDING, WITHOUT LIMITATION, THE IMPLIED WARRANTIES OF MERCHANTIBILITY AND FITNESS FOR A PARTICULAR PURPOSE. The End</LicenseText>
   <StandardLicenseTemplate>&lt;&lt;beginOptional&gt;&gt; The OpenLDAP Public License

Version 1.3, 17 January 1999&lt;&lt;endOptional&gt;&gt;

Copyright 1998-1999, The OpenLDAP Foundation. All Rights Reserved.&lt;&lt;beginOptional&gt;&gt; Note: This license is derived from the "Artistic License" as distributed with the Perl Programming Language. As significant differences exist, the complete license should be read.

PREAMBLE

The intent of this document is to state the conditions under which a Package may be copied, such that the Copyright Holder maintains some semblance of artistic control over the development of the package, while giving the users of the package the right to use and distribute the Package in a more-or-less customary fashion, plus the right to make reasonable modifications.&lt;&lt;endOptional&gt;&gt;

Definitions:

"Package" refers to the collection of files distributed by the Copyright Holder, and derivatives of that collection of files created through textual modification.

"Standard Version" refers to such a Package if it has not been modified, or has been modified in accordance with the wishes of the Copyright Holder.

"Copyright Holder" is whoever is named in the copyright or copyrights for the package.

"You" is you, if you're thinking about copying or distributing this Package.

"Reasonable copying fee" is whatever you can justify on the basis of media cost, duplication charges, time of people involved, and so on. (You will not be required to justify it to the Copyright Holder, but only to the computing community at large as a market that must bear the fee.)

"Freely Available" means that no fee is charged for the item itself, though there may be fees involved in handling the item. It also means that recipients of the item may redistribute it under the same conditions they received it.

   &lt;&lt;var;name="bullet";original="1.";match=".{0,20}"&gt;&gt; You may make and give away verbatim copies of the source form of the Standard Version of this Package without restriction, provided that you duplicate all of the original copyright notices and associated disclaimers.

   &lt;&lt;var;name="bullet";original="2.";match=".{0,20}"&gt;&gt; You may apply bug fixes, portability fixes and other modifications derived from the Public Domain or from the Copyright Holder. A Package modified in such a way shall still be considered the Standard Version.

   &lt;&lt;var;name="bullet";original="3.";match=".{0,20}"&gt;&gt; You may otherwise modify your copy of this Package in any way, provided that you insert a prominent notice in each changed file stating how and when you changed that file, and provided that you do at least ONE of the following:

      &lt;&lt;var;name="bullet";original="a)";match=".{0,20}"&gt;&gt; place your modifications in the Public Domain or otherwise make them Freely Available, such as by posting said modifications to Usenet or an equivalent medium, or placing the modifications on a major archive site such as uunet.uu.net, or by allowing the Copyright Holder to include your modifications in the Standard Version of the Package.

      &lt;&lt;var;name="bullet";original="b)";match=".{0,20}"&gt;&gt; use the modified Package only within your corporation or organization.

      &lt;&lt;var;name="bullet";original="c)";match=".{0,20}"&gt;&gt; rename any non-standard executables so the names do not conflict with standard executables, which must also be provided, and provide a separate manual page for each non-standard executable that clearly documents how it differs from the Standard Version.

      &lt;&lt;var;name="bullet";original="d)";match=".{0,20}"&gt;&gt; make other distribution arrangements with the Copyright Holder.

   &lt;&lt;var;name="bullet";original="4.";match=".{0,20}"&gt;&gt; You may distribute the programs of this Package in object code or executable form, provided that you do at least ONE of the following:

      &lt;&lt;var;name="bullet";original="a)";match=".{0,20}"&gt;&gt; distribute a Standard Version of the executables and library files, together with instructions (in the manual page or equivalent) on where to get the Standard Version.

      &lt;&lt;var;name="bullet";original="b)";match=".{0,20}"&gt;&gt; accompany the distribution with the machine-readable source of the Package with your modifications.

      &lt;&lt;var;name="bullet";original="c)";match=".{0,20}"&gt;&gt; accompany any non-standard executables with their corresponding Standard Version executables, giving the non-standard executables non-standard names, and clearly documenting the differences in manual pages (or equivalent), together with instructions on where to get the Standard Version.

      &lt;&lt;var;name="bullet";original="d)";match=".{0,20}"&gt;&gt; make other distribution arrangements with the Copyright Holder.

   &lt;&lt;var;name="bullet";original="5.";match=".{0,20}"&gt;&gt; You may charge a reasonable copying fee for any distribution of this Package. You may charge any fee you choose for support of this Package. You may not charge a fee for this Package itself. However, you may distribute this Package in aggregate with other (possibly commercial) programs as part of a larger (possibly commercial) software distribution provided that you do not advertise this Package as a product of your own.

   &lt;&lt;var;name="bullet";original="6.";match=".{0,20}"&gt;&gt; The scripts and library files supplied as input to or produced as output from the programs of this Package do not automatically fall under the copyright of this Package, but belong to whomever generated them, and may be sold commercially, and may be aggregated with this Package.

   &lt;&lt;var;name="bullet";original="7.";match=".{0,20}"&gt;&gt; C subroutines supplied by you and linked into this Package in order to emulate subroutines and variables defined by this Package shall not be considered part of this Package, but are the equivalent of input as in Paragraph 6, provided these subroutines do not change the behavior of the Package in any way that would cause it to fail the regression tests for the Package.

   &lt;&lt;var;name="bullet";original="8.";match=".{0,20}"&gt;&gt; Software supplied by you and linked with this Package in order to use subroutines and variables defined by this Package shall not be considered part of this Package and do not automatically fall under the copyright of this Package, and the executables produced by linking your software with this Package may be used and redistributed without restriction and may be sold commercially.

   &lt;&lt;var;name="bullet";original="9.";match=".{0,20}"&gt;&gt; The name of the Copyright Holder may not be used to endorse or promote products derived from this software without specific prior written permission.

   &lt;&lt;var;name="bullet";original="10.";match=".{0,20}"&gt;&gt; THIS PACKAGE IS PROVIDED "AS IS" AND WITHOUT ANY EXPRESS OR IMPLIED WARRANTIES, INCLUDING, WITHOUT LIMITATION, THE IMPLIED WARRANTIES OF MERCHANTIBILITY AND FITNESS FOR A PARTICULAR PURPOSE.&lt;&lt;beginOptional&gt;&gt; The End&lt;&lt;endOptional&gt;&gt;</StandardLicenseTemplate>
</License>
