<?xml version="1.0" encoding="UTF-8"?>
<License xmlns="spdx:xsd::1.0"
         xmlns:xsi="http://www.w3.org/2001/XMLSchema-instance"
         xmlns:spdx="http://spdx.org/rdf/terms#"
         xmlns:rdf="http://www.w3.org/1999/02/22-rdf-syntax-ns#"
         xsi:schemaLocation="spdx:xsd::1.0 ../../xml/xsd/spdx-ref.xsd">
   <StandardLicenseTemplate>Copyright (c) 1986 by University of Toronto. Written by Henry Spencer. Not derived from licensed software.

Permission is granted to anyone to use this software for any purpose on any computer system, and to redistribute it freely, subject to the following restrictions:

   &lt;&lt;var;name="bullet";original="1.";match=".{0,20}"&gt;&gt; The author is not responsible for the consequences of use of this software, no matter how awful, even if they arise from defects in it.

   &lt;&lt;var;name="bullet";original="2.";match=".{0,20}"&gt;&gt; The origin of this software must not be misrepresented, either by explicit claim or by omission.

   &lt;&lt;var;name="bullet";original="3.";match=".{0,20}"&gt;&gt; Altered versions must be plainly marked as such, and must not be misrepresented as being the original software.</StandardLicenseTemplate>
   <LicenseText>Copyright (c) 1986 by University of Toronto. Written by Henry Spencer. Not derived from licensed software.

Permission is granted to anyone to use this software for any purpose on any computer system, and to redistribute it freely, subject to the following restrictions:

   1. The author is not responsible for the consequences of use of this software, no matter how awful, even if they arise from defects in it.

   2. The origin of this software must not be misrepresented, either by explicit claim or by omission.

   3. Altered versions must be plainly marked as such, and must not be misrepresented as being the original software.</LicenseText>
   <LicenseId>Spencer-86</LicenseId>
   <Name>Spencer License 86</Name>
   <SeeAlso>https://fedoraproject.org/wiki/Licensing/Henry_Spencer_Reg-Ex_Library_License</SeeAlso>
</License>
