<?xml version="1.0" encoding="UTF-8"?>
<License xmlns="spdx:xsd::1.0"
         xmlns:xsi="http://www.w3.org/2001/XMLSchema-instance"
         xmlns:spdx="http://spdx.org/rdf/terms#"
         xmlns:rdf="http://www.w3.org/1999/02/22-rdf-syntax-ns#"
         xsi:schemaLocation="spdx:xsd::1.0 ../../xml/xsd/spdx-ref.xsd">
   <StandardLicenseTemplate>&lt;&lt;beginOptional&gt;&gt; This file was added by Clea F. Rees on 2008/11/30 with the permission of Dean Guenther and pointers to this file were added to all source files.&lt;&lt;endOptional&gt;&gt;

Unlimited copying and redistribution of each of the files is permitted as long as the file is not modified. Modifications, and redistribution of modified versions, are also permitted, but only if the resulting file is renamed.

The copyright holder is Washington State University. The original author of the fonts is Janene Winter. The primary contact (as of 2008) is Dean Guenther.</StandardLicenseTemplate>
   <LicenseText>This file was added by Clea F. Rees on 2008/11/30 with the permission of Dean Guenther and pointers to this file were added to all source files.

Unlimited copying and redistribution of each of the files is permitted as long as the file is not modified. Modifications, and redistribution of modified versions, are also permitted, but only if the resulting file is renamed.

The copyright holder is Washington State University. The original author of the fonts is Janene Winter. The primary contact (as of 2008) is Dean Guenther.</LicenseText>
   <LicenseId>Wsuipa</LicenseId>
   <Name>Wsuipa License</Name>
   <SeeAlso>https://fedoraproject.org/wiki/Licensing/Wsuipa</SeeAlso>
</License>
