<?xml version="1.0" encoding="UTF-8"?>
<License xmlns="spdx:xsd::1.0"
         xmlns:xsi="http://www.w3.org/2001/XMLSchema-instance"
         xmlns:spdx="http://spdx.org/rdf/terms#"
         xmlns:rdf="http://www.w3.org/1999/02/22-rdf-syntax-ns#"
         xsi:schemaLocation="spdx:xsd::1.0 ../../xml/xsd/spdx-ref.xsd">
   <LicenseID>WTFPL</LicenseID>
   <Comment/>
   <SeeAlso>http://sam.zoy.org/wtfpl/COPYING</SeeAlso>
   <Name>Do What The F*ck You Want To Public License</Name>
   <IsDeprecatedLicenseID>false</IsDeprecatedLicenseID>
   <IsOsiApproved>false</IsOsiApproved>
   <IsFsfLibre>true</IsFsfLibre>
   <StandardLicenseHeader/>
   <LicenseText>DO WHAT THE FUCK YOU WANT TO PUBLIC LICENSE

Version 2, December 2004

Copyright (C) 2004 Sam Hocevar &lt;sam@hocevar.net&gt;

Everyone is permitted to copy and distribute verbatim or modified copies of this license document, and changing it is allowed as long as the name is changed.

DO WHAT THE FUCK YOU WANT TO PUBLIC LICENSE

TERMS AND CONDITIONS FOR COPYING, DISTRIBUTION AND MODIFICATION

   0. You just DO WHAT THE FUCK YOU WANT TO.</LicenseText>
   <StandardLicenseTemplate>&lt;&lt;beginOptional&gt;&gt; DO WHAT THE FUCK YOU WANT TO PUBLIC LICENSE

Version 2, December 2004&lt;&lt;endOptional&gt;&gt;

Copyright (C) 2004 Sam Hocevar &lt;sam@hocevar.net&gt;

Everyone is permitted to copy and distribute verbatim or modified copies of this license document, and changing it is allowed as long as the name is changed.

DO WHAT THE FUCK YOU WANT TO PUBLIC LICENSE

TERMS AND CONDITIONS FOR COPYING, DISTRIBUTION AND MODIFICATION

   &lt;&lt;var;name="bullet";original="0.";match=".{0,20}"&gt;&gt; You just DO WHAT THE FUCK YOU WANT TO.</StandardLicenseTemplate>
</License>
