<?xml version="1.0" encoding="UTF-8"?>
<License xmlns="spdx:xsd::1.0"
         xmlns:xsi="http://www.w3.org/2001/XMLSchema-instance"
         xmlns:spdx="http://spdx.org/rdf/terms#"
         xmlns:rdf="http://www.w3.org/1999/02/22-rdf-syntax-ns#"
         xsi:schemaLocation="spdx:xsd::1.0 ../../xml/xsd/spdx-ref.xsd">
   <IsDeprecatedLicenseId>true</IsDeprecatedLicenseId>
   <StandardLicenseTemplate>EXCEPTION NOTICE

   &lt;&lt;var;name="bullet";original="1.";match=".{0,20}"&gt;&gt; As a special exception, the copyright holders of this library give permission for additional uses of the text contained in this release of the library as licenced under the wxWindows Library Licence, applying either version 3.1 of the Licence, or (at your option) any later version of the Licence as published by the copyright holders of version 3.1 of the Licence document.

   &lt;&lt;var;name="bullet";original="2.";match=".{0,20}"&gt;&gt; The exception is that you may use, copy, link, modify and distribute under your own terms, binary object code versions of works based on the Library.

   &lt;&lt;var;name="bullet";original="3.";match=".{0,20}"&gt;&gt; If you copy code from files distributed under the terms of the GNU General Public Licence or the GNU Library General Public Licence into a copy of this library, as this licence permits, the exception does not apply to the code that you add in this way. To avoid misleading anyone as to the status of such modified files, you must delete this exception notice from such code and/or adjust the licensing conditions notice accordingly.

   &lt;&lt;var;name="bullet";original="4.";match=".{0,20}"&gt;&gt; If you write modifications of your own for this library, it is your choice whether to permit this exception to apply to your modifications. If you do not wish that, you must delete the exception notice from such code and/or adjust the licensing conditions notice accordingly.</StandardLicenseTemplate>
   <LicenseText>EXCEPTION NOTICE

   1. As a special exception, the copyright holders of this library give permission for additional uses of the text contained in this release of the library as licenced under the wxWindows Library Licence, applying either version 3.1 of the Licence, or (at your option) any later version of the Licence as published by the copyright holders of version 3.1 of the Licence document.

   2. The exception is that you may use, copy, link, modify and distribute under your own terms, binary object code versions of works based on the Library.

   3. If you copy code from files distributed under the terms of the GNU General Public Licence or the GNU Library General Public Licence into a copy of this library, as this licence permits, the exception does not apply to the code that you add in this way. To avoid misleading anyone as to the status of such modified files, you must delete this exception notice from such code and/or adjust the licensing conditions notice accordingly.

   4. If you write modifications of your own for this library, it is your choice whether to permit this exception to apply to your modifications. If you do not wish that, you must delete the exception notice from such code and/or adjust the licensing conditions notice accordingly.</LicenseText>
   <LicenseId>wxWindows</LicenseId>
   <Name>wxWindows Library License</Name>
   <SeeAlso>http://www.opensource.org/licenses/WXwindows</SeeAlso>
</License>
