{"XMLSchema.xsd":"xml/xsd/ext/w3c/XMLSchema.xsd","go-gen-doc-test.xsl":"xml/xsl/go-gen-doc-test.xsl","go-gen-doc.xsl":"xml/xsl/go-gen-doc.xsl","go-gen-lic-test.xsl":"xml/xsl/go-gen-lic-test.xsl","go-gen-lic.xsl":"xml/xsl/go-gen-lic.xsl","provenance-report.json":"resources/reports/provenance-report.json","resources.json":"json/resources.json","spdx-doc-iep-xsd.json":"json/spdx-doc-xsd.json","spdx-doc-iep.xsl":"xml/xsl/spdx-doc-iep.xsl","spdx-doc-instance.xsl":"xml/xsl/spdx-doc-instance.xsl","spdx-doc-struct.go":"src/spdx/spdx-doc-struct.go","spdx-doc-test-instance-golang.xml":"xml/instance/spdx-doc-test-instance-golang.xml","spdx-doc-test-instance.json":"json/spdx-doc-test-instance.json","spdx-doc-test-instance.xml":"xml/instance/spdx-doc-test-instance.xml","spdx-doc.xsd":"xml/xsd/spdx-doc.xsd","spdx-doc_test.go":"src/spdx/spdx-doc_test.go","spdx-license-iep-xsd.json":"json/spdx-license-xsd.json","spdx-license-iep.xsl":"xml/xsl/spdx-license-iep.xsl","spdx-license-instance.xsl":"xml/xsl/spdx-license-instance.xsl","spdx-license-struct.go":"src/spdx/spdx-license-struct.go","spdx-license-test-instance-golang.xml":"xml/instance/spdx-license-test-instance-golang.xml","spdx-license-test-instance.json":"json/spdx-license-test-instance.json","spdx-license-test-instance.xml":"xml/instance/spdx-license-test-instance.xml","spdx-license.xsd":"xml/xsd/spdx-license.xsd","spdx-license_test.go":"src/spdx/spdx-license_test.go","spdx-ref-xsd.json":"json/spdx-ref-xsd.json","spdx-ref.xsd":"xml/xsd/spdx-ref.xsd","spdx-test-data.xml":"xml/instance/spdx-test-data.xml","spdx-xsd.go":"src/spdx/spdx-xsd.go","xml-json.xsl":"xml/xsl/xml-json.xsl","xsd-json.xsl":"xml/xsl/xsd-json.xsl","xslt.xsd":"xml/xsd/ext/w3c/xslt.xsd"}