{"XMLSchema.xsd":"xml/xsd/ext/w3c/XMLSchema.xsd","go-gen.xsl":"xml/xsl/go-gen.xsl","go-test-gen.xsl":"xml/xsl/go-test-gen.xsl","iep.xsd":"xml/xsd/spdx-license.xsd","iep_xsd.json":"json/spdx-license.json","iep_xsd.xsl":"xml/xsl/spdx_license_iep.xsl","provenance_report.json":"resources/reports/provenance_report.json","ref.xsd":"xml/xsd/spdx-ref.xsd","ref_xsd.json":"json/spdx-ref.json","resources.json":"json/resources.json","spdx-xsd.go":"src/spdx/spdx-xsd.go","test_data.xml":"xml/instance/test_data.xml","test_instance-golang.xml":"xml/instance/test_instance-golang.xml","test_instance.json":"json/test_instance.json","test_instance.xml":"xml/instance/test_instance.xml","xml_instance.xsl":"xml/xsl/xml_instance.xsl","xml_json.xsl":"xml/xsl/xml_json.xsl","xsd-struct.go":"src/spdx/spdx-license.go","xsd-test.go":"src/spdx/spdx-license_test.go","xsd_json.xsl":"xml/xsl/xsd_json.xsl","xslt.xsd":"xml/xsd/ext/w3c/xslt.xsd"}