{"XMLSchema.xsd":"iepd/xml/xsd/w3c/XMLSchema.xsd","go-gen.xsl":"iepd/xml/xsl/go-gen.xsl","go-test-gen.xsl":"iepd/xml/xsl/go-test-gen.xsl","iep.xsd":"iepd/xml/xsd/iep.xsd","iep_xsd.json":"iepd/json/iep_xsd.json","iep_xsd.xsl":"iepd/xml/xsl/iep_xsd.xsl","provenance_report.json":"iepd/tests/provenance_report.json","ref.xsd":"iepd/xml/xsd/ref.xsd","ref_xsd.json":"iepd/json/ref_xsd.json","resources.json":"iepd/json/resources.json","test_data.xml":"iepd/xml/instance/test_data.xml","test_instance-golang.xml":"iepd/xml/instance/test_instance-golang.xml","test_instance.json":"iepd/json/test_instance.json","test_instance.xml":"iepd/xml/instance/test_instance.xml","xml_instance.xsl":"iepd/xml/xsl/xml_instance.xsl","xml_json.xsl":"iepd/xml/xsl/xml_json.xsl","xsd-struct.go":"iepd/src/seva/xsd-struct.go","xsd-test.go":"iepd/src/seva/xsd_test.go","xsd.go":"iepd/src/seva/xsd.go","xsd_json.xsl":"iepd/xml/xsl/xsd_json.xsl","xslt.xsd":"iepd/xml/xsd/w3c/xslt.xsd"}