{"LicenseType":{"xsdnode":"complexType","name":"LicenseType","documentation":"A data type for License type","appinfo":{"spd:Class":{"name":"License","xmlname":"License","comment":"A License represents a copyright license. The SPDX license list website is annotated with these properties (using RDFa) to allow license data published there to be easily processed. The license list is populated in accordance with the License List fields guidelines. These guidelines are not normative and may change over time. SPDX tooling should not rely on values in the license list conforming to the current guidelines.","rdf":"http://spdx.org/rdf/terms#License","subclassof":"SimpleLicensingInfo"}},"sequence":{"IsDeprecatedLicenseId":{"xsdnode":"element","ref":"IsDeprecatedLicenseId","minOccurs":"0"},"IsOsiApproved":{"xsdnode":"element","ref":"IsOsiApproved","minOccurs":"1"},"IsFsfLibre":{"xsdnode":"element","ref":"IsFsfLibre","minOccurs":"0"},"StandardLicenseHeader":{"xsdnode":"element","ref":"StandardLicenseHeader","minOccurs":"0"},"LicenseText":{"xsdnode":"element","ref":"LicenseText","minOccurs":"1"},"StandardLicenseTemplate":{"xsdnode":"element","ref":"StandardLicenseTemplate","minOccurs":"1"}}},"PropertyIndicatorSimpleType":{"xsdnode":"simpleType","name":"PropertyIndicatorSimpleType","documentation":"A data type for the boolean indication of a property existence. True if known. False if not or not known.","datatype":"boolean","appinfo":{"spd:SimpleType":{"name":"Property Indicator","mapvar":"propertyIndicator"}}},"AnyLicenseInfoType":{"xsdnode":"complexType","name":"AnyLicenseInfoType","documentation":"A data type for AnyLicenseInfo type","appinfo":{"spd:Class":{"name":"AnyLicenseInfo","xmlname":"AnyLicenseInfo","comment":"The AnyLicenseInfo class includes all resources that represent licensing information.","rdf":"http://spdx.org/rdf/terms#AnyLicenseInfo","definedby":"AnyLicenseInfo"}},"sequence":{}},"CommentType":{"xsdnode":"complexType","name":"CommentType","documentation":"A data type for Comment","appinfo":{"spd:Datatype":{"name":"comment","xmlname":"Comment","comment":"","rdf":"http://www.w3.org/2000/01/rdf-schema#comment"}},"datatype":"string"},"IsDeprecatedLicenseIdType":{"xsdnode":"complexType","name":"IsDeprecatedLicenseIdType","documentation":"A data type that indicates if the license id is Deprecated.","appinfo":{"spd:Datatype":{"name":"IsDeprecatedLicenseIdType","comment":"Indicates if the license is is Deprecated.","rdf":"http://spdx.org/rdf/terms#isDeprecatedLicenseId","domain":"License","range":"Boolean"}},"datatype":"boolean"},"IsFsfLibreType":{"xsdnode":"complexType","name":"IsFsfLibreType","documentation":"A data type to indicate if the license is is FSF Libre.","appinfo":{"spd:Datatype":{"name":"IsFsfLibre","comment":"Indicates if the license is is FSF Libre.","rdf":"http://spdx.org/rdf/terms#isFsfLibre","domain":"License","range":"Boolean"}},"datatype":"boolean"},"IsOsiApprovedType":{"xsdnode":"complexType","name":"IsOsiApprovedType","documentation":"A data type for Indicates if the OSI has approved the license.","appinfo":{"spd:Datatype":{"name":"isOsiApproved","xmlname":"IsOsiApproved","comment":"Indicates if the OSI has approved the license.","rdf":"http://spdx.org/rdf/terms#isOsiApproved","domain":"License","range":"Boolean"}},"datatype":"boolean"},"LicenseIDType":{"xsdnode":"complexType","name":"LicenseIDType","documentation":"A data type for A human readable short form license identifier for a license. The license ID is iether on the standard license oist or the form \"LicenseRef-\"[idString] where [idString] is a unique string containing letters, numbers, \".\", \"-\" or \"+\".","appinfo":{"spd:Datatype":{"name":"licenseId","xmlname":"LicenseID","comment":"A human readable short form license identifier for a license. The license ID is iether on the standard license oist or the form \"LicenseRef-\"[idString] where [idString] is a unique string containing letters, numbers, \".\", \"-\" or \"+\".","rdf":"http://spdx.org/rdf/terms#licenseId","domain":"SimpleLicensingInfo","range":"String"}},"datatype":"string"},"LicenseTextType":{"xsdnode":"complexType","name":"LicenseTextType","documentation":"A data type for Full text of the license.","appinfo":{"spd:Datatype":{"name":"licenseText","xmlname":"LicenseText","comment":"Full text of the license.","rdf":"http://spdx.org/rdf/terms#licenseText","domain":"License","range":"String"}},"datatype":"string"},"NameType":{"xsdnode":"complexType","name":"NameType","documentation":"A data type for The full human readable name of the item. This should include version information when applicable.","appinfo":{"spd:Datatype":{"name":"name","xmlname":"Name","comment":"The full human readable name of the item. This should include version information when applicable.","rdf":"http://spdx.org/rdf/terms#name","domain":"SpdxElement","range":"String"}},"datatype":"string"},"SeeAlsoType":{"xsdnode":"complexType","name":"SeeAlsoType","documentation":"A data type for rdfs:seeAlso is an instance of rdf:Property that is used to indicate a resource that might provide additional information about the subject resource.","appinfo":{"spd:Datatype":{"name":"seeAlso","xmlname":"SeeAlso","comment":"rdfs:seeAlso is an instance of rdf:Property that is used to indicate a resource that might provide additional information about the subject resource.","rdf":"http://www.w3.org/2000/01/rdf-schema#seeAlso"}},"datatype":"anyURI"},"SimpleLicensingInfoType":{"xsdnode":"complexType","name":"SimpleLicensingInfoType","documentation":"A data type for SimpleLicensingInfo type","appinfo":{"spd:Class":{"name":"SimpleLicenseingInfo","xmlname":"SimpleLicensingInfo","comment":"The SimpleLicenseInfo class includes all resources that represent simple, atomic, licensing information.","rdf":"http://spdx.org/rdf/terms#SimpleLicenseingInfo","subclassof":"AnyLicenseInfo"}},"sequence":{"LicenseID":{"xsdnode":"element","ref":"LicenseID","minOccurs":"1","maxOccurs":"1"},"Comment":{"xsdnode":"element","ref":"Comment","maxOccurs":"1"},"SeeAlso":{"xsdnode":"element","ref":"SeeAlso","minOccurs":"0"},"Name":{"xsdnode":"element","ref":"Name","minOccurs":"1","maxOccurs":"1"}}},"StandardLicenseHeaderType":{"xsdnode":"complexType","name":"StandardLicenseHeaderType","documentation":"A data type for License author's preferred text to indicated that a file is covered by the license.","appinfo":{"spd:Datatype":{"name":"standardLicenseHeader","xmlname":"StandardLicenseHeader","comment":"License author's preferred text to indicated that a file is covered by the license.","rdf":"http://spdx.org/rdf/terms#standardLicenseHeader","domain":"License","range":"String"}},"datatype":"string"},"StandardLicenseTemplateType":{"xsdnode":"complexType","name":"StandardLicenseTemplateType","documentation":"A data type for License template which describes sections of the license which can be varied. See License Template section of the specification for format information.","appinfo":{"spd:Datatype":{"name":"standardLicenseTemplate","xmlname":"StandardLicenseTemplate","comment":"License template which describes sections of the license which can be varied. See License Template section of the specification for format information.","rdf":"http://spdx.org/rdf/terms#standardLicenseTemplate","domain":"License","range":"String"}},"datatype":"string"},"Comment":{"xsdnode":"element","name":"Comment","type":"CommentType","nillable":"true","documentation":"A data type for Comment","appinfo":{"spd:Datatype":{"name":"comment","xmlname":"Comment","comment":"","rdf":"http://www.w3.org/2000/01/rdf-schema#comment"}}},"IsDeprecatedLicenseId":{"xsdnode":"element","name":"IsDeprecatedLicenseId","type":"IsDeprecatedLicenseIdType","nillable":"true","documentation":"A data item that indicates if the license id is Deprecated.","appinfo":{"spd:Datatype":{"name":"IsDeprecatedLicenseId","comment":"Indicates if the license id is Deprecated.","rdf":"http://spdx.org/rdf/terms#isDeprecatedLicenseId","domain":"License","range":"Boolean"}}},"IsFsfLibre":{"xsdnode":"element","name":"IsFsfLibre","type":"IsFsfLibreType","nillable":"true","documentation":"A data item to indicate if the license is FSF Libre.","appinfo":{"spd:Datatype":{"name":"IsFsfLibre","comment":"Indicates if the license is is FSF Libre.","rdf":"http://spdx.org/rdf/terms#isFsfLibre","domain":"License","range":"Boolean"}}},"IsOsiApproved":{"xsdnode":"element","name":"IsOsiApproved","type":"IsOsiApprovedType","nillable":"true","documentation":"A data type for Indicates if the OSI has approved the license.","appinfo":{"spd:Datatype":{"name":"isOsiApproved","xmlname":"IsOsiApproved","comment":"Indicates if the OSI has approved the license.","rdf":"http://spdx.org/rdf/terms#isOsiApproved","domain":"License","range":"Boolean"}}},"License":{"xsdnode":"element","name":"License","type":"LicenseType","nillable":"true","documentation":"A data item for License","appinfo":{"spd:Element":{"name":"License","xmlname":"License","comment":"A License represents a copyright license. The SPDX license list website is annotated with these properties (using RDFa) to allow license data published there to be easily processed. The license list is populated in accordance with the License List fields guidelines. These guidelines are not normative and may change over time. SPDX tooling should not rely on values in the license list conforming to the current guidelines.","rdf":"http://spdx.org/rdf/terms#License","subclassof":"SimpleLicensingInfo"}}},"LicenseID":{"xsdnode":"element","name":"LicenseID","type":"LicenseIDType","nillable":"true","documentation":"A data type for A human readable short form license identifier for a license. The license ID is iether on the standard license oist or the form \"LicenseRef-\"[idString] where [idString] is a unique string containing letters, numbers, \".\", \"-\" or \"+\".","appinfo":{"spd:Datatype":{"name":"licenseId","xmlname":"LicenseID","comment":"A human readable short form license identifier for a license. The license ID is iether on the standard license oist or the form \"LicenseRef-\"[idString] where [idString] is a unique string containing letters, numbers, \".\", \"-\" or \"+\".","rdf":"http://spdx.org/rdf/terms#licenseId","domain":"SimpleLicensingInfo","range":"String"}}},"LicenseText":{"xsdnode":"element","name":"LicenseText","type":"LicenseTextType","nillable":"true","documentation":"A data type for Full text of the license.","appinfo":{"spd:Datatype":{"name":"licenseText","xmlname":"LicenseText","comment":"Full text of the license.","rdf":"http://spdx.org/rdf/terms#licenseText","domain":"License","range":"String"}}},"Name":{"xsdnode":"element","name":"Name","type":"NameType","nillable":"true","documentation":"A data type for The full human readable name of the item. This should include version information when applicable.","appinfo":{"spd:Datatype":{"name":"name","xmlname":"Name","comment":"The full human readable name of the item. This should include version information when applicable.","rdf":"http://spdx.org/rdf/terms#name","domain":"SpdxElement","range":"String"}}},"SeeAlso":{"xsdnode":"element","name":"SeeAlso","type":"SeeAlsoType","nillable":"true","documentation":"A data type for rdfs:seeAlso is an instance of rdf:Property that is used to indicate a resource that might provide additional information about the subject resource.","appinfo":{"spd:Datatype":{"name":"seeAlso","xmlname":"SeeAlso","comment":"rdfs:seeAlso is an instance of rdf:Property that is used to indicate a resource that might provide additional information about the subject resource.","rdf":"http://www.w3.org/2000/01/rdf-schema#seeAlso"}}},"StandardLicenseHeader":{"xsdnode":"element","name":"StandardLicenseHeader","type":"StandardLicenseHeaderType","nillable":"true","documentation":"A data type for License author's preferred text to indicated that a file is covered by the license.","appinfo":{"spd:Datatype":{"name":"standardLicenseHeader","xmlname":"StandardLicenseHeader","comment":"License author's preferred text to indicated that a file is covered by the license.","rdf":"http://spdx.org/rdf/terms#standardLicenseHeader","domain":"License","range":"String"}}},"StandardLicenseTemplate":{"xsdnode":"element","name":"StandardLicenseTemplate","type":"StandardLicenseTemplateType","nillable":"true","documentation":"A data type for License template which describes sections of the license which can be varied. See License Template section of the specification for format information.","appinfo":{"spd:Datatype":{"name":"standardLicenseTemplate","xmlname":"StandardLicenseTemplate","comment":"License template which describes sections of the license which can be varied. See License Template section of the specification for format information.","rdf":"http://spdx.org/rdf/terms#standardLicenseTemplate","domain":"License","range":"String"}}}}